key_en,key_ru,key_hy
+30 sec. function,Функция +30 сек.,+30 վրկ. գործառույթ
1-4 cups function,Функция для 1-4 чашек,1-4 բաժակի գործառույթ
1/2 load,1/2 загрузки,1/2 բեռնվածություն
1/2 load FlexiZone option,Опция FlexiZone с 1/2 загрузкой,1/2 բեռնված FlexiZone տարբերակ
1st zone booster power,Мощность бустера 1-й зоны,1-ին գոտու բուսթերի հզորություն
1st zone dimensions,Размеры 1-й зоны,1-ին գոտու չափերը
1st zone energy consumption,Энергопотребление 1-й зоны,1-ին գոտու էներգիայի սպառում
1st zone position,Положение 1-й зоны,1-ին գոտու դիրքը
1st zone power,Мощность 1-й зоны,1-ին գոտու հզորность
1st zone type,Тип 1-й зоны,1-ին գոտու տեսակը
20mm deep tray,Глубокий противень 20 мм,20 մմ խորությամբ սկուտեղ
24h air filter function,Функция воздушного фильтра 24 ч,24ժ օդի ֆիլտրի գործառույթ
2nd zone booster power,Мощность бустера 2-й зоны,2-րդ գոտու բուսթերի հզորություն
2nd zone dimensions,Размеры 2-й зоны,2-րդ գոտու չափերը
2nd zone energy consumption,Энергопотребление 2-й зоны,2-րդ գոտու էներգիայի սպառում
2nd zone position,Положение 2-й зоны,2-րդ գոտու դիրքը
2nd zone power,Мощность 2-й зоны,2-րդ գոտու հզորность
2nd zone type,Тип 2-й зоны,2-րդ գոտու տեսակը
360° swivel base,Поворотное основание 360°,360° պտտվող հիմք
3rd zone booster power,Мощность бустера 3-й зоны,3-րդ գոտու բուսթերի հզորություն
3rd zone dimensions,Размеры 3-й зоны,3-րդ գոտու չափերը
3rd zone position,Положение 3-й зоны,3-րդ գոտու դիրքը
3rd zone power,Мощность 3-й зоны,3-րդ գոտու հզորность
3rd zone type,Тип 3-й зоны,3-րդ գոտու տեսակը
4 Star compartment - Star rating,4-звёздочное отделение - Класс звёздности,4 աստղանի խցիկ - Աստղային դաս
4 star - Freezing capacity,4 звезды - Мощность заморозки,4 աստղ - Սառեցման հզորություն
40mm deep tray,Глубокий противень 40 мм,40 մմ խորությամբ սկուտեղ
4th zone booster power,Мощность бустера 4-й зоны,4-րդ գոտու բուսթերի հզորություն
4th zone dimensions,Размеры 4-й зоны,4-րդ գոտու չափերը
4th zone position,Положение 4-й зоны,4-րդ գոտու դիրքը
4th zone power,Мощность 4-й зоны,4-րդ գոտու հզորность
4th zone tipe,Тип 4-й зоны,4-րդ գոտու տեսակը
4th zone type,Тип 4-й зоны,4-րդ գոտու տեսակը
5th zone booster power,Мощность бустера 5-й зоны,5-րդ գոտու բուսթերի հզորություն
5th zone dimensions,Размеры 5-й зоны,5-րդ գոտու չափերը
5th zone position,Положение 5-й зоны,5-րդ գոտու դիրքը
5th zone power,Мощность 5-й зоны,5-րդ գոտու հզորность
5th zone type,Тип 5-й зоны,5-րդ գոտու տեսակը
6th zone booster power,Мощность бустера 6-й зоны,6-րդ գոտու բուսթերի հզորություն
6th zone dimensions,Размеры 6-й зоны,6-րդ գոտու չափերը
6th zone position,Положение 6-й зоны,6-րդ գոտու դիրքը
6th zone power,Мощность 6-й зоны,6-րդ գոտու հզորность
6th zone type,Тип 6-й зоны,6-րդ գոտու տեսակը
7th zone position,Положение 7-й зоны,7-րդ գոտու դիրքը
7th zone power,Мощность 7-й зоны,7-րդ գոտու հզորность
7th zone type,Тип 7-й зоны,7-րդ գոտու տեսակը
8th zone position,Положение 8-й зоны,8-րդ գոտու դիրքը
8th zone power,Мощность 8-й зоны,8-րդ գոտու հզորность
8th zone type,Тип 8-й зоны,8-րդ գոտու տեսակը
AU CYBR ACT support period end date,Дата окончания периода поддержки AU CYBR ACT,AU CYBR ACT աջակցության ժամկետի ավարտի ամսաթիվ
Accessories,Аксессуары,Աքսեսուարներ
Accessories fixing,Крепление аксессуаров,Աքսեսուարների ամրացում
Accessories for installation,Аксессуары для установки,Տեղադրման աքսեսուարներ
Accessory bag,Сумка для аксессуаров,Աքսեսուարների պայուսակ
Accessory bag material,Материал сумки для аксессуаров,Աքսեսուարների պայուսակի նյութ
Accessory ejection type,Тип извлечения аксессуара,Աքսեսուարի հանման տեսակը
Accessory port for optionals,Порт для дополнительных аксессуаров,Ընտրովի աքսեսուարների նավահանգիստ
Acoustic airborne noise emission class,Класс акустической шумности,Ակուստիկ օդային աղմուկի արտանետման դաս
Acoustic alarm,Акустическая сигнализация,Ձայնային ազդանշան
Acoustic signal off option,Опция отключения звукового сигнала,Ձայնային ազդանշանի անջատման տարբերակ
Action,Действие,Գործողություն
Activate functions,Активация функций,Գործառույթների ակտիվացում
Activation/UNIT button,Кнопка включения/ЕДИНИЦА,Միացում/ՄԻԱՎՈՐ կոճակ
Activation/UNIT/TARE lever,Рычаг включения/ЕДИНИЦА/ТАРА,Միացում/ՄԻԱՎՈՐ/ՏԱՐԱ լծակ
Additional connection modalities,Дополнительные способы подключения,Լրացուցիչ միացման եղանակներ
Adjustable Coffee Intensity,Регулируемая интенсивность кофе,Կարգավորվող սուրճի ուժգնություն
Adjustable Coffee Temperature,Регулируемая температура кофе,Կարգավորվող սուրճի ջերմաստիճան
Adjustable coffee length,Регулируемый объём кофе,Կարգավորվող սուրճի ծավալ
Adjustable door shelves with wire support,Регулируемые полки на дверце с проволочной опорой,Կարգավորվող դռների դարակներ մետաղալարային հենարանով
Adjustable feet,Регулируемые ножки,Կարգավորվող ոտքեր
Adjustable shelves,Регулируемые полки,Կարգավորվող դարակներ
Adjustable temperature zones,Регулируемые температурные зоны,Կարգավորվող ջերմաստիճանային գոտիներ
Adjustable water hardness,Регулируемая жёсткость воды,Կարգավորվող ջրի կարծրություն
Aerator,Аэратор,Աերատոր
Aesthetic,Эстетика,Էսթետիկա
Air Fry function,Функция Air Fry,Air Fry գործառույթ
Air filter,Воздушный фильтр,Օդի ֆիլտր
Air flow at boost speed (Qboost),Расход воздуха на ускоренной скорости (Qboost),Օդի հոսքը արագացված արագությամբ (Qboost)
Air flow at maximum speed (Qmax),Расход воздуха на максимальной скорости (Qmax),Օդի հոսքը առավելագույն արագությամբ (Qmax)
Air flow at minumum speed (Qmin),Расход воздуха на минимальной скорости (Qmin),Օդի հոսքը նվազագույն արագությամբ (Qmin)
Air-tight seal,Герметичное уплотнение,Հերմետիկ կնիք
Airborne acoustical A-weighted sound Power Emission at maximum speed (SPEmax),Акустическая эмиссия звуковой мощности на макс. скорости (SPEmax),Օդային ակուստիկ ձայնային հզորության արտանետում առավելագույն արագությամբ (SPEmax)
Airborne acoustical noise emission class,Класс шумности,Օդային ակուստիկ աղմուկի արտանետման դաս
Airborne acoustical noise emission class (spinning phase),Класс шумности (отжим),Օդային ակուստիկ աղմուկի արտանետման դաս (պտտման փուլ)
Airborne acoustical noise emissions,Уровень шума,Օդային ակուստիկ աղմուկի արտանետումներ
Airborne acoustical noise emissions (spinning phase),Уровень шума (отжим),Օդային ակուստիկ աղմուկի արտանետումներ (պտտման փուլ)
Airbourne acouistical A-weighted sound Power Emission at minimum speed (SPEmin),Акустическая эмиссия звуковой мощности на мин. скорости (SPEmin),Օդային ակուստիկ ձայնային հզորության արտանետում նվազագույն արագությամբ (SPEmin)
Airbourne acoustical A-weighted sound power emission at boost speed (SPEboost),Акустическая эмиссия звуковой мощности на ускоренной скорости (SPEboost),Օդային ակուստիկ ձայնային հզորության արտանետում արագացված արագությամբ (SPEboost)
All Frozen Food compartments - Storage volume,Все отделения для замороженных продуктов - Полезный объём,Սառեցված սննդի բոլոր խցիկներ - Պահեստավորման ծավալ
Alternate drum rotation,Реверсивное вращение барабана,Թմբուկի հակադարձ պտույտ
Annual Efficiency Consumption (AEChood),Годовое потребление эффективности (AEChood),Տարեկան արդյունավետության սպառում (AEChood)
Annual energy consumption,Годовое энергопотребление,Տարեկան էներգիայի սպառում
Anti slip handle,Противоскользящая ручка,Հակասայթաքման բռնակ
Anti-UV door glass,Стекло двери с защитой от УФ,Հակա-ՈՒՖ դռան ապակի
Anti-flood system,Система защиты от протечек,Հակաջրհեղեղի համակարգ
Anti-grease filters,Жироулавливающие фильтры,Հակաճարպային ֆիլտրեր
Anti-iron phase,Фаза анти-глажка,Հակա-արդուկման փուլ
Anti-slip feet,Противоскользящие ножки,Հակասայթաքման ոտքեր
Anti-slip feet material,Материал противоскользящих ножек,Հակասայթաքման ոտքերի նյութ
Antibacterial Gasket,Антибактериальный уплотнитель,Հակաբակտերիալ միջադիր
Antibacterial odour filter,Антибактериальный фильтр запахов,Հակաբակտերիալ հոտի ֆիլտր
Antifoam system,Система пеногашения,Հակափրփրային համակարգ
Antislip Base,Противоскользящее основание,Հակասայթաքման հիմք
Antislip base,Противоскользящее основание,Հակասայթաքման հիմք
Antislip feet,Противоскользящие ножки,Հակասայթաքման ոտքեր
Antislip feet material,Материал противоскользящих ножек,Հակասայթաքման ոտքերի նյութ
Aquastop system,Система Aquastop,Հակաջրհեղեղի համակարգ
Auto 50°-60°,Авто 50°-60°,Ավտո 50°-60°
Auto sensor 45-65,Авто-сенсор 45-65,Ավտո սենսոր 45-65
Auto switch off,Автоматическое отключение,Ավտոմատ անջատում
Auto switch-off,Автоматическое отключение,Ավտոմատ անջատում
Auto-Vent,Авто-вентиляция,Ավտո-օդափոխություն
Auto-boiling Function,Функция автозакипания,Ավտո-եռման գործառույթ
Auto-vent 2.0,Авто-вентиляция 2.0,Ավտո-օդափոխություն 2.0
Autocleaning system,Система самоочистки,Ինքնամաքրման համակարգ
Automatic Ignition,Автоматический розжиг,Ավտոմատ բռնկում
Automatic cleaning,Автоматическая очистка,Ավտոմատ մաքրում
Automatic connection between integrated hood and hob,Автоматическое соединение встроенной вытяжки и варочной панели,Ինտեգրված արտածուծիչի և վառարանի ավտոմատ միացում
Automatic electronic ignition,Автоматический электронный розжиг,Ավտոմատ էլեկտրոնային բռնկում
Automatic pan detection,Автоматическое определение посуды,Թավայի ավտոմատ հայտնաբերում
Automatic pop-up,Автоматический всплывающий механизм,Ավտոմատ բացվող մեխանիզմ
Automatic programmes,Автоматические программы,Ավտոմատ ծրագրեր
Automatic setting according to pan dimension,Автоматическая настройка по размеру посуды,Թավայի չափին համապատասխան ավտոմատ կարգավորում
Automatic switch off,Автоматическое отключение,Ավտոմատ անջատում
Automatic switch off when overflow,Автоматическое отключение при переливе,Արտահոսքի դեպքում ավտոմատ անջատում
Automatic switch off when overheat,Автоматическое отключение при перегреве,Գերտաքացման դեպքում ավտոմատ անջատում
Automatic variable load,Автоматическая переменная загрузка,Ավտոմատ փոփոխական բեռնվածություն
Available diameters,Доступные диаметры,Հասանելի տրամագծեր
Average illumination of the light on the cooking surface (Emiddle),Средняя освещённость поверхности приготовления (Emiddle),Միջին լուսավորություն պատրաստման մակերեսին (Emiddle)
BOTTLE,БУТЫЛКА,ՇԻՇ
Back color handle,Цвет ручки сзади,Հետևի բռնակի գույնը
Back feet adjustable from front,Задние ножки регулируются спереди,Հետևի ոտքերը կարգավորվում են առջևից
Back handle material,Материал задней ручки,Հետևի բռնակի նյութ
Bagel function,Функция для бейглов,Բեյգլի գործառույթ
Base Colour,Цвет основания,Հիմքի գույնը
Base Material,Материал основания,Հիմքի նյութ
Base color,Цвет основания,Հիմքի գույնը
Base colour,Цвет основания,Հիմքի գույնը
Base finishing,Отделка основания,Հիմքի հարդարում
Base material,Материал основания,Հիմքի նյութ
Base thickness,Толщина основания,Հիմքի հաստությունը
Base unit size,Размер базового блока,Հիմնական միավորի չափը
Basket,Корзина,Զամբյուղ
Basket colour,Цвет корзины,Զամբյուղի գույնը
Basket components colour,Цвет компонентов корзины,Զամբյուղի բաղադրիչների գույնը
Batters for desserts,Тесто для десертов,Աղանդերի խմոր
Battery life,Срок службы батареи,Մարտկոցի աշխատանքի ժամկետը
Battery type,Тип батареи,Մարտկոցի տեսակը
Battery weight,Вес батареи,Մարտկոցի քաշը
Beaker color,Цвет мензурки,Բաժակի գույնը
Beaker dimensions,Размеры мензурки,Բաժակի չափերը
Beaker lid,Крышка мензурки,Բաժակի կափարիչ
Beaker material,Материал мензурки,Բաժակի նյութ
Beaker net weight,Вес мензурки нетто,Բաժակի զուտ քաշը
Big Cups Tray Colour,Цвет лотка для больших чашек,Մեծ բաժակների սկուտեղի գույնը
Big Cups Tray Material,Материал лотка для больших чашек,Մեծ բաժակների սկուտեղի նյութ
Bigger cup hiusing,Корпус для большей чашки,Մեծ բաժակի պատյան
Black HPL chopping board,Разделочная доска из чёрного HPL,Սև HPL կտրող տախտակ
Black matt standard waste kit and rectangular overflow,Чёрный матовый стандартный сливной комплект и прямоугольный перелив,Սև փայլատ ստանդարտ արտահոսքի հավաքածու և ուղղանկյուն վարարում
Blacklit controls,Подсветка управления,Հետին լուսավորվող կառավարում
Blades material,Материал лезвий,Շեղբերի նյութ
Blender with bottle dimensions,Размеры блендера с бутылкой,Բլենդերի չափերը շշով
Blending arm material,Материал погружной части блендера,Բլենդերի ընկղմվող մասի նյութ
Body Material,Материал корпуса,Մարմնի նյութ
Body color,Цвет корпуса,Մարմնի գույնը
Body finishing,Отделка корпуса,Մարմնի հարդարում
Body internal coating,Внутреннее покрытие корпуса,Մարմնի ներքին ծածկույթ
Body material,Материал корпуса,Մարմնի նյութ
Boiler brewing group,Бойлер заварочной группы,Եռման խմբի կաթսա
Booster power central Multizone,Мощность бустера центральной Multizone,Կենտրոնական Multizone-ի բուսթերի հզորություն
Booster power left Bridge,Мощность бустера левого Bridge,Ձախ Bridge-ի բուսթերի հզորություն
Booster power left Multizone,Мощность бустера левой Multizone,Ձախ Multizone-ի բուսթերի հզորություն
Booster power right Bridge,Мощность бустера правого Bridge,Աջ Bridge-ի բուսթերի հզորություն
Booster power right Multizone,Мощность бустера правой Multizone,Աջ Multizone-ի բուսթերի հզորություն
Bottle,Бутылка,Շիշ
Bottle bottom and cap finishing,Отделка дна и крышки бутылки,Շշի հատակի և կափարիչի հարդարում
Bottle bottom and cap material,Материал дна и крышки бутылки,Շշի հատակի և կափարիչի նյութ
Bottle cap and lid material,Материал крышки и колпачка бутылки,Շշի կափարիչի և խցանի նյութ
Bottle capacity,Вместимость бутылки,Շշի տարողություն
Bottle material,Материал бутылки,Շշի նյութ
Bottle net capacity,Полезная вместимость бутылки,Շշի զուտ տարողություն
Bottle rack grid,Решётка для бутылок,Շշերի դարակի ցանց
Bottle shelf,Полка для бутылок,Շշերի դարակ
Bottle shelves with wire support,Полки для бутылок с проволочной опорой,Մետաղալարային հենարանով շշերի դարակներ
Bottom heating element power,Мощность нижнего нагревательного элемента,Ստորին ջեռուցման տարրի հզորություն
Bottom plate color,Цвет нижней пластины,Ստորին ափսեի գույնը
Bottom plate diameter,Диаметр нижней пластины,Ստորին ափսեի տրամագիծը
Bottom plate material,Материал нижней пластины,Ստորին ափսեի նյութ
Bottons Colour,Цвет кнопок,Կոճակների գույնը
Bowl capacity,Вместимость чаши,Թասի տարողություն
Bowl depth (mm),Глубина чаши (мм),Թասի խորություն (մմ)
Bowl dimensions LH, WxDxA (mm),Размеры чаши LH, ШxГxВ (мм),Թասի չափերը LH, ԼxԽxԲ (մմ)
Bowl dimensions, WxDxH (mm),Размеры чаши, ШxГxВ (мм),Թասի չափերը, ԼxԽxԲ (մմ)
Bowl handle,Ручка чаши,Թասի բռնակ
Bowl material,Материал чаши,Թասի նյութ
Bowl thickness (mm),Толщина чаши (мм),Թասի հաստությունը (մմ)
Bowl thickness LH (mm),Толщина чаши LH (мм),LH թասի հաստությունը (մմ)
Bowl type,Тип чаши,Թասի տեսակը
Bowl type LH,Тип чаши LH,Թասի տեսակը LH
Bowl type RH,Тип чаши RH,Թասի տեսակը RH
Brand,Бренд,Ապրանքանիշ
Bread knife,Хлебный нож,Հացի դանակ
Bread/pizza dough,Тесто для хлеба/пиццы,Հացի/պիցցայի խմոր
Bridge option,Опция моста,Կամրջի տարբերակ
Building in type,Тип встраивания,Ներկառուցման տեսակը
Built-In Niche,Ниша для встраивания,Ներկառուցման խորշ
Built-in cord wrap,Встроенная катушка для кабеля,Ներկառուցված լարի փաթաթիչ
Built-in niche,Ниша для встраивания,Ներկառուցման խորշ
Built-in type,Тип встраивания,Ներկառուցման տեսակը
Burner Coating,Покрытие горелки,Այրիչի ծածկույթ
Burner caps,Крышки горелок,Այրիչի կափարիչներ
Burners,Горелки,Այրիչներ
Burners Material,Материал горелок,Այրիչների նյութ
Button material,Материал кнопки,Կոճակի նյութ
Buttons Colour,Цвет кнопок,Կոճակների գույնը
Buttons Material,Материал кнопок,Կոճակների նյութ
Buttons color,Цвет кнопок,Կոճակների գույնը
Buttons colour,Цвет кнопок,Կոճակների գույնը
Buttons material,Материал кнопок,Կոճակների նյութ
Buttons ring color,Цвет кольца кнопок,Կոճակների օղակի գույնը
Buttons ring material,Материал кольца кнопок,Կոճակների օղակի նյութ
Buttons/Options,Кнопки/Опции,Կոճակներ/Տարբերակներ
CHOPPER,ИЗМЕЛЬЧИТЕЛЬ,ԿՏՐԻՉ
Cable color,Цвет кабеля,Մալուխի գույնը
Cable colour,Цвет кабеля,Մալուխի գույնը
Cable tie,Кабельная стяжка,Մալուխի կապիչ
Cable tie material,Материал кабельной стяжки,Մալուխի կապիչի նյութ
Can be installed in-column,Возможна установка в колонну,Հնարավոր է տեղադրել սյունակում
Cap airtight seal color,Цвет герметичного уплотнения колпачка,Խցանի հերմետիկ կնիքի գույնը
Cap airtight seal material,Материал герметичного уплотнения колпачка,Խցանի հերմետիկ կնիքի նյութ
Cap material,Материал колпачка,Խցանի նյութ
Cap with spout,Колпачок с носиком,Խցան ժայթքով
Capacity,Вместимость,Տարողություն
Carafe material,Материал кувшина,Սափորի նյութ
Caraffe capacity,Вместимость кувшина,Սափորի տարողություն
Caraffe handle colour,Цвет ручки кувшина,Սափորի բռնակի գույնը
Caraffe handle material,Материал ручки кувшина,Սափորի բռնակի նյութ
Caraffe lid colour,Цвет крышки кувшина,Սափորի կափարիչի գույնը
Caraffe lid material,Материал крышки кувшина,Սափորի կափարիչի նյութ
Caraffe material,Материал кувшина,Սափորի նյութ
Carton box depth,Глубина картонной коробки,Ստվարաթղթե տուփի խորություն
Carton box dimensions (mm),Размеры картонной коробки (мм),Ստվարաթղթե տուփի չափերը (մմ)
Carton box height,Высота картонной коробки,Ստվարաթղթե տուփի բարձրություն
Carton box width,Ширина картонной коробки,Ստվարաթղթե տուփի լայնություն
Cast iron wok support,Подставка для вока из чугуна,Չուգունե վոկի հենարան
Catalityc panels,Каталитические панели,Կատալիտիկ պանելներ
Catalytic Panels,Каталитические панели,Կատալիտիկ պանելներ
Category,Категория,Կատեգորիա
Category of the household refrigerating appliance model,Категория модели бытового холодильного прибора,Կենցաղային սառնարանային սարքի մոդելի կատեգորիա
Cavity,Полость,Խոռոչ
Cavity material,Материал полости,Խոռոչի նյութ
Central Multizone dimension,Размер центральной Multizone,Կենտրոնական Multizone-ի չափը
Ceramic base,Керамическое основание,Կերամիկական հիմք
Ceramic disc cartridge type,Тип керамического картриджа,Կերամիկական կարթրիջի տեսակը
Characteristics,Характеристики,Բնութագրեր
Characteristics of PVD coating,Характеристики PVD-покрытия,PVD ծածկույթի բնութագրերը
Characteristics of composite material,Характеристики композитного материала,Կոմպոզիտային նյութի բնութագրերը
Charcoal filters included,Угольные фильтры в комплекте,Ածխածնային ֆիլտրեր ներառված են
Chef Menu,Меню Шеф-повара,Խոհարարի մենյու
Chef's knife,Нож шеф-повара,Խոհարարի դանակ
Child lock (functions block),Блокировка от детей (блокировка функций),Մանկական կողպեք (գործառույթների արգելափակում)
Child lock (programme set lock),Блокировка от детей (блокировка программы),Մանկական կողպեք (ծրագրի արգելափակում)
Chimney,Дымоход,Ծխնելույզ
Chopper Net weight,Вес измельчителя нетто,Կտրիչի զուտ քաշը
Chopper dimensions,Размеры измельчителя,Կտրիչի չափերը
Chronology,Хронология,Ժամանակագրություն
Circolaire + fan,Циркуляция + вентилятор,Շրջանառություն + օդափոխիչ
Circolaire + fan + grill,Циркуляция + вентилятор + гриль,Շրջանառություն + օդափոխիչ + գրիլ
Circulaire heating element - Power,Мощность циркуляционного нагревательного элемента,Շրջանառության ջեռուցման տարրի հզորություն
Circular heating element - Power,Мощность кругового нагревательного элемента,Շրջանաձև ջեռուցման տարրի հզորություն
Circular heating element 2 - Power,Мощность кругового нагревательного элемента 2,Շրջանաձև ջեռուցման տարր 2-ի հզորություն
Clean filter indicator,Индикатор чистоты фильтра,Ֆիլտրի մաքրության ցուցիչ
Clean&Shine option,Опция Clean&Shine,Clean&Shine տարբերակ
Cleaning option,Опция очистки,Մաքրման տարբերակ
Cleaning system,Система очистки,Մաքրման համակարգ
Climate class,Климатический класс,Կլիմայական դաս
Climatic class,Климатический класс,Կլիմայական դաս
Clock / Time lever,Рычаг часов/времени,Ժամացույցի/ժամանակի լծակ
Co2 cylinder type compatibility,Совместимость с типом баллона CO2,CO2 բալոնի տեսակի համատեղելիություն
Codice UPC,Код UPC,UPC կոդ
Coffee Scoop,Мерная ложка для кофе,Սուրճի չափիչ գդալ
Colander,Дуршлаг,Քամիչ
Cold Froth Dense function,Функция холодной густой пены,Սառը խիտ փրփուրի գործառույթ
Cold Froth Light function,Функция холодной лёгкой пены,Սառը թեթև փրփուրի գործառույթ
Cold functions,Холодные функции,Սառը գործառույթներ
Cold insulation,Холодная изоляция,Սառը մեկուսացում
Cold milk Foam function,Функция пены из холодного молока,Սառը կաթի փրփուրի գործառույթ
Collaborations,Коллаборации,Համագործակցություններ
Collar colour,Цвет воротника,Օձիքի գույնը
Collar material,Материал воротника,Օձիքի նյութ
Color of glass shelf profile,Цвет профиля стеклянной полки,Ապակե դարակի պրոֆիլի գույնը
Colore Case,Цвет корпуса,Մարմնի գույնը
Colour,Цвет,Գույն
Colour Inner Components,Цвет внутренних компонентов,Ներքին բաղադրիչների գույնը
Column installation, with compatible washing-machine,Установка в колонну со стиральной машиной,Սյունակի տեղադրում համատեղելի լվացքի մեքենայի հետ
Combined filter,Комбинированный фильтр,Համակցված ֆիլտր
Command panel finish,Отделка панели управления,Կառավարման վահանակի հարդարում
Commercial depth,Коммерческая глубина,Առևտրային խորություն
Commercial height,Коммерческая высота,Առևտրային բարձրություն
Commercial width,Коммерческая ширина,Առևտրային լայնություն
Compatible cooking surfaces,Совместимые поверхности для приготовления,Համատեղելի պատրաստման մակերեսներ
Component finish,Отделка компонента,Բաղադրիչի հարդարում
Component finishing,Отделка компонента,Բաղադրիչի հարդարում
Components finishing,Отделка компонентов,Բաղադրիչների հարդարում
Compressor type,Тип компрессора,Կոմպրեսորի տեսակը
Concealed heating element,Скрытый нагревательный элемент,Թաքնված ջեռուցման տարր
Condensation efficiency,Эффективность конденсации,Կոնդենսացիայի արդյունավետություն
Condensation efficiency class,Класс эффективности конденсации,Կոնդենսացիայի արդյունավետության դաս
Condenser container full indicator,Индикатор заполнения контейнера конденсата,Կոնդենսատորի տարայի լրիվության ցուցիչ
Condenser filter,Конденсаторный фильтр,Կոնդենսատորի ֆիլտր
Condenser water drain hose,Шланг слива конденсата,Կոնդենսատի արտահոսքի գուլպան
Connected power,Подключённая мощность,Միացված հզորություն
Connectivity,Подключение,Միացում
Consumo di energia per ciclo in convezione naturale, seconda cavità,Энергопотребление за цикл в естественной конвекции, 2-я полость,Էներգիայի սպառում մեկ ցիկլով բնական կոնվեկցիայում, 2-րդ խոռոչ
Contact bottom diameter,Диаметр дна контакта,Կոնտակտի հատակի տրամագիծը
Control,Управление,Կառավարում
Control Lock / Child Safety,Блокировка управления / Защита от детей,Կառավարման կողպեք / Մանկական անվտանգություն
Control Panel,Панель управления,Կառավարման վահանակ
Control Settings,Настройки управления,Կառավարման կարգավորումներ
Control knob colour,Цвет ручки управления,Կառավարման կոճակի գույնը
Control knob material,Материал ручки управления,Կառավարման կոճակի նյութ
Control knob position,Положение ручки управления,Կառավարման կոճակի դիրքը
Control knob protection,Защита ручки управления,Կառավարման կոճակի պաշտպանություն
Control knobs,Ручки управления,Կառավարման կոճակներ
Control knobs material,Материал ручек управления,Կառավարման կոճակների նյութ
Control lock,Блокировка управления,Կառավարման կողպեք
Control setting,Настройка управления,Կառավարման կարգավորում
Controls,Органы управления,Կառավարման տարրեր
Controls Lock / Child Safety,Блокировка управления / Защита от детей,Կառավարման կողպեք / Մանկական անվտանգություն
Controls colour,Цвет органов управления,Կառավարման տարրերի գույնը
Convection + Grill function,Функция конвекция + гриль,Կոնվեկցիա + գրիլ գործառույթ
Convertible temperature drawer,Трансформируемый ящик с температурой,Փոխակերպվող ջերմաստիճանային դարակ
Cooker configuration,Конфигурация плиты,Սալօջախի կոնֆիգուրացիա
Cooker size,Размер плиты,Սալօջախի չափը
Cooking Method,Метод приготовления,Խոհարարության մեթոդ
Cooking Method Secondary Oven,Метод приготовления во второй духовке,Երկրորդ ջեռոցի խոհարարության մեթոդ
Cooking functions cavity 2,Функции приготовления для полости 2,Խոհարարության գործառույթներ 2-րդ խոռոչի համար
Cooking time setting,Настройка времени приготовления,Խոհարարության ժամանակի կարգավորում
Cooking with probe thermometer,Приготовление с термозондом,Խոհարարություն ջերմազոնդով
Cooling down phase,Фаза охлаждения,Սառեցման փուլ
Cooling system,Система охлаждения,Սառեցման համակարգ
Cooling type,Тип охлаждения,Սառեցման տեսակը
Cooling with probe,Охлаждение с зондом,Սառեցում զոնդով
Cord lenght,Длина кабеля,Մալուխի երկարությունը
Country of origin,Страна происхождения,Ծագման երկիր
Crisper Cover,Крышка контейнера для овощей,Բանջարեղենի տարայի կափարիչ
Crumb Tray,Лоток для крошек,Փշրանքների սկուտեղ
Crumb tray material,Материал лотка для крошек,Փշրանքների սկուտեղի նյութ
Crystal,Кристалл,Բյուրեղյա
Crystal Pro,Кристалл Pro,Բյուրեղյա Pro
Crystal option,Опция Кристалл,Բյուրեղյա տարբերակ
Cup Tray Material,Материал лотка для чашек,Բաժակների սկուտեղի նյութ
Cup Warmer,Подогреватель чашек,Բաժակների տաքացուցիչ
Cup Warmer Material,Материал подогревателя чашек,Բաժակների տաքացուցիչի նյութ
Cups capacity,Вместимость в чашках,Բաժակների տարողություն
Current,Ток,Հոսանք
Current 2,Ток 2,Հոսանք 2
Customisable recipes,Настраиваемые рецепты,Կարգավորվող բաղադրատոմսեր
Cut system,Система резки,Կտրման համակարգ
Cutlery basket,Корзина для столовых приборов,Պատառաքաղների զամբյուղ
Cutout dimension topmount (mm),Размер выреза для верхнего монтажа (мм),Վերին տեղադրման կտրվածքի չափ (մմ)
Cutout dimension undermount (mm),Размер выреза для нижнего монтажа (мм),Ստորին տեղադրման կտրվածքի չափ (մմ)
Daily ice production,Суточная производительность льда,Օրական սառույցի արտադրություն
Decalcification alarm,Сигнал удаления накипи,Կրաքարի հեռացման ազդանշան
Decoration / Special colour,Декоративный / Специальный цвет,Դեկորատիվ / Հատուկ գույն
Defrost,Разморозка,Հալեցում
Defrost Automatic function,Автоматическая разморозка,Ավտոմատ հալեցում
Defrost Time function,Функция разморозки по времени,Ժամանակային հալեցման գործառույթ
Defrost by time,Разморозка по времени,Ժամանակով հալեցում
Defrost by weight,Разморозка по весу,Քաշով հալեցում
Defrost function,Функция разморозки,Հալեցման գործառույթ
Delay timer option,Опция таймера отсрочки,Հետաձգման ժմչփի տարբերակ
Delicate,Деликатная,Նուրբ
Delicate /temperature reduction option,Деликатная / снижение температуры,Նուրբ / ջերմաստիճանի նվազեցման տարբերակ
DeltaT cooking,Приготовление DeltaT,DeltaT խոհարարություն
Demo-tutorial mode,Демо-обучающий режим,Ցուցադրական-ուսուցողական ռեժիմ
Depth,Глубина,Խորություն
Depth (mm),Глубина (мм),Խորություն (մմ)
Depth of packaged product (in),Глубина упакованного продукта (дюймы),Փաթեթավորված արտադրանքի խորություն (դյույմ)
Depth of the built-in niche,Глубина ниши для встраивания,Ներկառուցման խորշի խորություն
Depth of the product with handle (mm),Глубина продукта с ручкой (мм),Բռնակով արտադրանքի խորություն (մմ)
Depth packaged,Глубина упаковки,Փաթեթավորման խորություն
Depth packaged (mm),Глубина упаковки (мм),Փաթեթավորման խորություն (մմ)
Depth without handle,Глубина без ручки,Խորություն առանց բռնակի
Description,Описание,Նկարագրություն
Design,Дизайн,Դիզայն
Diameter,Диаметр,Տրամագիծ
Dimensions,Размеры,Չափերը
Dimensions of the packaged product,Размеры упакованного продукта,Փաթեթավորված արտադրանքի չափերը
Dimensions of the packaged product (mm),Размеры упакованного продукта (мм),Փաթեթավորված արտադրանքի չափերը (մմ)
Dimensions of the packed product (mm),Размеры упакованного продукта (мм),Փաթեթավորված արտադրանքի չափերը (մմ)
Dimensions of the product,Размеры продукта,Արտադրանքի չափերը
Dimensions of the product (mm),Размеры продукта (мм),Արտադրանքի չափերը (մմ)
Dimensions of the product HxWxD,Размеры продукта ВxШxГ,Արտադրանքի չափերը ԲxԼxԽ
Dimensions of the product HxWxD (mm),Размеры продукта ВxШxГ (мм),Արտադրանքի չափերը ԲxԼxԽ (մմ)
Dimmer mode,Режим затемнения,Խամրեցման ռեժիմ
Disc color,Цвет диска,Սկավառակի գույնը
Disc material,Материал диска,Սկավառակի նյութ
Dishwasher Safe Flex edges beater,Венчик с гибкими краями, пригодный для мытья в посудомоечной машине,Ճկուն եզրերով հարիչ՝ աման լվացող մեքենայում լվացման համար
Dishwasher safe,Можно мыть в посудомоечной машине,Աման լվացող մեքենայում լվացվող
Dishwasher safe bottle,Бутылка, пригодная для мытья в посудомоечной машине,Աման լվացող մեքենայում լվացվող շիշ
Dishwasher safe bowl,Чаша, пригодная для мытья в посудомоечной машине,Աման լվացող մեքենայում լվացվող թաս
Dishwasher safe dough hook,Крюк для теста, пригодный для мытья в посудомоечной машине,Աման լվացող մեքենայում լվացվող խմորի կարթ
Dishwasher safe hooks and whisks,Крюки и венчики, пригодные для мытья в посудомоечной машине,Աման լվացող մեքենայում լվացվող կարթեր և հարիչներ
Dishwasher safe pouring shield,Защитный экран, пригодный для мытья в посудомоечной машине,Աման լվացող մեքենայում լվացվող պաշտպանիչ վահան
Display,Дисплей,Էկրան
Display / Clock,Дисплей / Часы,Էկրան / Ժամացույց
Display frame colour,Цвет рамки дисплея,Էկրանի շրջանակի գույնը
Display name,Название дисплея,Էկրանի անվանում
Display porition,Положение дисплея,Էկրանի դիրքը
Display technology,Технология дисплея,Էկրանի տեխնոլոգիա
Display type,Тип дисплея,Էկրանի տեսակը
Display/led for temperature regulation,Дисплей/светодиод для регулировки температуры,Ջերմաստիճանի կարգավորման էկրան/LED
Dividing wall width,Ширина разделительной стенки,Բաժանարար պատի լայնությունը
Door,Дверца,Դուռ
Door Lock During Pyrolisis,Блокировка двери во время пиролиза,Դռան կողպեք պիրոլիզի ժամանակ
Door colour,Цвет дверцы,Դռան գույնը
Door diameter,Диаметр дверцы,Դռան տրամագիծը
Door handle color,Цвет ручки дверцы,Դռան բռնակի գույնը
Door hinges,Дверные петли,Դռան ծխնիներ
Door material,Материал дверцы,Դռան նյութ
Door open alarm,Сигнал открытой двери,Բաց դռան ազդանշան
Door opening,Открывание дверцы,Դռան բացում
Door opening flush with the wall,Дверца открывается заподлицо со стеной,Դռան բացում պատի հետ հավասար
Door opening system,Система открывания дверцы,Դռան բացման համակարգ
Door opening type,Тип открывания дверцы,Դռան բացման տեսակը
Door shelves profile color,Цвет профиля полок на дверце,Դռան դարակների պրոֆիլի գույնը
Door size,Размер дверцы,Դռան չափը
Door steel type,Тип стали дверцы,Դռան պողպատի տեսակը
Door type,Тип дверцы,Դռան տեսակը
Door window,Окно дверцы,Դռան պատուհան
Double Booster,Двойной бустер,Կրկնակի բուսթեր
Double Wall 1 Cup Filter,Фильтр для 1 чашки с двойными стенками,Կրկնակի պատերով 1 բաժակի ֆիլտր
Double blade,Двойное лезвие,Կրկնակի շեղբ
Double blade material,Материал двойного лезвия,Կրկնակի շեղբի նյութ
Double wall 2 Cups Filter,Фильтр для 2 чашек с двойными стенками,Կրկնակի պատերով 2 բաժակի ֆիլտր
Dough hook,Крюк для теста,Խմորի կարթ
Dough hook material,Материал крюка для теста,Խմորի կարթի նյութ
Drainer,Сливная решётка,Ջրաքամիչ
Drainer inclination,Наклон сливной решётки,Ջրաքամիչի թեքություն
Drawer Color,Цвет ящика,Դարակի գույնը
Drawers profile color,Цвет профиля ящиков,Դարակների պրոֆիլի գույնը
Drip Tray Material,Материал поддона для капель,Կաթիլների սկուտեղի նյութ
Drip tray,Поддон для капель,Կաթիլների սկուտեղ
Drip tray cover,Крышка поддона для капель,Կաթիլների սկուտեղի կափարիչ
Drum capacity,Вместимость барабана,Թմբուկի տարողություն
Drum material,Материал барабана,Թմբուկի նյութ
Drum volume,Объём барабана,Թմբուկի ծավալ
Dry Assist+ option,Опция Dry Assist+,Dry Assist+ տարբերակ
Drying function,Функция сушки,Չորացման գործառույթ
Drying option,Опция сушки,Չորացման տարբերակ
Drying system,Система сушки,Չորացման համակարգ
Drying type option,Опция типа сушки,Չորացման տեսակի տարբերակ
Duration of UK PSTI support period,Длительность периода поддержки UK PSTI,Մեծ Բրիտանիայի PSTI աջակցության ժամկետի տևողությունը
EAN Code,Код EAN,EAN կոդ
EAN code,Код EAN,EAN կոդ
ECO,ЭКО,ԷԿՈ
EEI,EEI,EEI
Easy to access filter,Легкодоступный фильтр,Հեշտ հասանելի ֆիլտր
Eco 40-60 programme duration (Rated washing capacity),Длительность программы Eco 40-60 (номинальная загрузка),Eco 40-60 ծրագրի տևողությունը (գնահատված լվացման հզորություն)
Eco-Heat,Эко-нагрев,Էկո-ջեռուցում
Eco-Off,Эко-выключение,Էկո-անջատում
Egg pasta dough,Тесто для яичной пасты,Ձվի մակարոնի խմոր
Electric cable,Электрический кабель,Էլեկտրական մալուխ
Electrical connection rating,Номинальная электрическая мощность,Էլեկտրական միացման գնահատական
Electrical connection rating (W),Номинальная электрическая мощность (Вт),Էլեկտրական միացման գնահատական (Վտ)
Electronic control,Электронное управление,Էլեկտրոնային կառավարում
Electronic control functioning,Функционирование электронного управления,Էլեկտրոնային կառավարման գործունեություն
Empty water tank alarm,Сигнал пустого бака для воды,Դատարկ ջրի բաքի ազդանշան
Enamelled deep tray (40mm),Эмалированный глубокий противень (40 мм),Էմալապատ խորը սկուտեղ (40 մմ)
Enamelled deep tray (50mm),Эмалированный глубокий противень (50 мм),Էմալապատ խորը սկուտեղ (50 մմ)
Enamelled tray (20mm),Эмалированный противень (20 мм),Էմալապատ սկուտեղ (20 մմ)
End cooking timer,Таймер окончания приготовления,Խոհարարության ավարտի ժմչփ
End of cooking acoustic alarm,Звуковой сигнал окончания приготовления,Խոհարարության ավարտի ձայնային ազդանշան
End of cooking alarm,Сигнал окончания приготовления,Խոհարարության ավարտի ազդանշան
End of cycle indicator,Индикатор окончания цикла,Ցիկլի ավարտի ցուցիչ
End of cycle indicator (light),Индикатор окончания цикла (световой),Ցիկլի ավարտի ցուցիչ (լուսային)
Energy Efficiency Class,Класс энергоэффективности,Էներգաարդյունավետության դաս
Energy Efficiency Class (Complete cycle),Класс энергоэффективности (полный цикл),Էներգաարդյունավետության դաս (ամբողջական ցիկլ)
Energy Efficiency Class (Washing cycle),Класс энергоэффективности (цикл стирки),Էներգաարդյունավետության դաս (լվացման ցիկլ)
Energy Efficiency Index,Индекс энергоэффективности,Էներգաարդյունավետության ինդեքս
Energy Efficiency Index (EEI),Индекс энергоэффективности (EEI),Էներգաարդյունավետության ինդեքս (EEI)
Energy consumption [per 100 cycles, based on the eco programme],Энергопотребление [на 100 циклов, по эко-программе],Էներգիայի սպառում [100 ցիկլով, էկո ծրագրի հիման վրա]
Energy consumption for the hob,Энергопотребление варочной панели,Վառարանի էներգիայի սպառում
Energy consumption in conventional mode,Энергопотребление в обычном режиме,Էներգիայի սպառում սովորական ռեժիմում
Energy consumption in conventional mode, 2 cavity,Энергопотребление в обычном режиме, 2-я полость,Էներգիայի սպառում սովորական ռեժիմում, 2-րդ խոռոչ
Energy consumption in forced air convection,Энергопотребление в режиме принудительной конвекции,Էներգիայի սպառում հարկադիր կոնվեկցիայի ռեժիմում
Energy consumption in forced air convection, cavity 2,Энергопотребление в режиме принудительной конвекции, полость 2,Էներգիայի սպառում հարկադիր կոնվեկցիայի ռեժիմում, խոռոչ 2
Energy consumption per cycle in conventional mode,Энергопотребление за цикл в обычном режиме,Էներգիայի սպառում մեկ ցիկլով սովորական ռեժիմում
Energy consumption per cycle in conventional mode, cavity 2,Энергопотребление за цикл в обычном режиме, полость 2,Էներգիայի սպառում մեկ ցիկլով սովորական ռեժիմում, խոռոչ 2
Energy consumption per cycle in conventional mode, second cavity,Энергопотребление за цикл в обычном режиме, вторая полость,Էներգիայի սպառում մեկ ցիկլով սովորական ռեժիմում, երկրորդ խոռոչ
Energy consumption per cycle in fan-forced convection,Энергопотребление за цикл в режиме принудительной конвекции,Էներգիայի սպառում մեկ ցիկլով հարկադիր կոնվեկցիայում
Energy consumption zone 1,Энергопотребление зоны 1,Էներգիայի սպառում գոտի 1
Energy consumption zone 2,Энергопотребление зоны 2,Էներգիայի սպառում գոտի 2
Energy consumption zone 3,Энергопотребление зоны 3,Էներգիայի սպառում գոտի 3
Energy consumption zone 4,Энергопотребление зоны 4,Էներգիայի սպառում գոտի 4
Energy consumption zone 5,Энергопотребление зоны 5,Էներգիայի սպառում գոտի 5
Energy consumption zone 6,Энергопотребление зоны 6,Էներգիայի սպառում գոտի 6
Energy efficicency class ( EEC),Класс энергоэффективности (EEC),Էներգաարդյունավետության դաս (EEC)
Energy efficicency class (EEC),Класс энергоэффективности (EEC),Էներգաարդյունավետության դաս (EEC)
Energy efficiency Index (EEI),Индекс энергоэффективности (EEI),Էներգաարդյունավետության ինդեքս (EEI)
Energy efficiency class,Класс энергоэффективности,Էներգաարդյունավետության դաս
Energy efficiency class, second cavity,Класс энергоэффективности, вторая полость,Էներգաարդյունավետության դաս, երկրորդ խոռոչ
Espresso Function,Функция эспрессо,Էսպրեսսո գործառույթ
Express 27',Экспресс 27',Էքսպրես 27'
Express 50°,Экспресс 50°,Էքսպրես 50°
External bowl finishing,Внешняя отделка чаши,Արտաքին թասի հարդարում
External bowl material,Внешний материал чаши,Արտաքին թասի նյութ
Extra bottle SKSB01,Дополнительная бутылка SKSB01,Լրացուցիչ շիշ SKSB01
Extra dry option,Опция дополнительной сушки,Լրացուցիչ չորացման տարբերակ
Extraction,Вытяжка,Արտահանում
Extraction rate (IEC 61591),Скорость вытяжки (IEC 61591),Արտահանման արագություն (IEC 61591)
Extraction rate IEC 61591,Скорость вытяжки IEC 61591,Արտահանման արագություն IEC 61591
Extreme option,Опция Extreme,Extreme տարբերակ
Family,Семейство,Ընտանիք
Family group,Группа семейства,Ընտանիքի խումբ
Fan,Вентилятор,Օդափոխիչ
Fan forced ON,Принудительная конвекция ВКЛ,Հարկադիր օդափոխություն ՄԻԱՑՎԱԾ
Fan number,Количество вентиляторов,Օդափոխիչների քանակը
Fan-assisted function,Функция с вентилятором,Օդափոխիչով գործառույթ
Fast freezing button,Кнопка быстрой заморозки,Արագ սառեցման կոճակ
Fast freezing compartment,Отделение быстрой заморозки,Արագ սառեցման խցիկ
Feet color,Цвет ножек,Ոտքերի գույնը
Filter,Фильтр,Ֆիլտր
Filter material,Материал фильтра,Ֆիլտրի նյութ
Filter replacement indicator,Индикатор замены фильтра,Ֆիլտրի փոխարինման ցուցիչ
Filtered water cartridge type,Тип картриджа для фильтрованной воды,Ֆիլտրացված ջրի քարթրիջի տեսակը
Filterholder Diameter,Диаметр держателя фильтра,Ֆիլտրի պահարանի տրամագիծը
Filterholder Handle Color,Цвет ручки держателя фильтра,Ֆիլտրի պահարանի բռնակի գույնը
Filterholder Handle Material,Материал ручки держателя фильтра,Ֆիլտրի պահարանի բռնակի նյութ
Filterholder Material,Материал держателя фильтра,Ֆիլտրի պահարանի նյութ
Finishing,Отделка,Հարդարում
Flat beater dishwasher safe,Плоский венчик, пригодный для мытья в посудомоечной машине,Հարթ հարիչ՝ աման լվացող մեքենայում լվացման համար
Flat beater material,Материал плоского венчика,Հարթ հարիչի նյութ
Flex edges beater,Венчик с гибкими краями,Ճկուն եզրերով հարիչ
Flex edges beater material,Материал венчика с гибкими краями,Ճկուն եզրերով հարիչի նյութ
Flexible Zone Type,Тип гибкой зоны,Ճկուն գոտու տեսակը
Flexible hoses connection,Подключение гибких шлангов,Ճկուն խողովակների միացում
Flexible hoses lenght,Длина гибких шлангов,Ճկուն խողովակների երկարություն
Flexible hoses number,Количество гибких шлангов,Ճկուն խողովակների քանակը
Flood protection system,Система защиты от затопления,Հեղեղի պաշտպանության համակարգ
Fluff filter,Фильтр для ворса,Փափկության ֆիլտր
Fluid Dynamic Efficiency (FDE),Гидродинамическая эффективность (FDE),Հիդրոդինամիկ արդյունավետություն (FDE)
Fluid Dynamic Efficiency class (FDEC),Класс гидродинамической эффективности (FDEC),Հիդրոդինամիկ արդյունավետության դաս (FDEC)
Follow Pot,Режим Follow Pot,Follow Pot ռեժիմ
Food contact safe,Безопасно для контакта с пищей,Սննդի հետ շփման համար անվտանգ
Frame,Рамка,Շրջանակ
Frame colour,Цвет рамки,Շրջանակի գույնը
Frame depth (mm),Глубина рамки (мм),Շրջանակի խորությունը (մմ)
Frame thickness,Толщина рамки,Շրջանակի հաստությունը
Free outlet maximum capacity,Максимальная производительность свободного выпуска,Ազատ ելքի առավելագույն հզորություն
Freezer (4-star) (1) - Freezing capacity,Морозильная камера (4 звезды) - Мощность заморозки,Սառցախցիկ (4 աստղ) - Սառեցման հզորություն
Freezer compartment accessories,Аксессуары для морозильной камеры,Սառցախցիկի աքսեսուարներ
Frequency,Частота,Հաճախականություն
Frequency (Hz),Частота (Гц),Հաճախականություն (Հց)
Frequency Hz,Частота Гц,Հաճախականություն Հց
Fresh Food compartment - Gross Volume,Отделение свежих продуктов - Общий объём,Թարմ սննդի խցիկ - Համախառն ծավալ
Fresh Food compartment - Storage Volume,Отделение свежих продуктов - Полезный объём,Թարմ սննդի խցիկ - Պահեստավորման ծավալ
Front panel Colour,Цвет передней панели,Առջևի վահանակի գույնը
Front panel colour,Цвет передней панели,Առջևի վահանակի գույնը
Front panel finishing,Отделка передней панели,Առջևի վահանակի հարդարում
Front panel material,Материал передней панели,Առջևի վահանակի նյութ
Front panel type,Тип передней панели,Առջևի վահանակի տեսակը
Frontal cover colour,Цвет фронтальной крышки,Ճակատային կափարիչի գույնը
Frontal cover material,Материал фронтальной крышки,Ճակատային կափարիչի նյութ
Frontal ring colour,Цвет фронтального кольца,Ճակատային օղակի գույնը
Frontal ring material,Материал фронтального кольца,Ճակատային օղակի նյութ
Full express - 60 minutes,Полный экспресс - 60 минут,Ամբողջական էքսպրես - 60 րոպե
Full express PRO,Полный экспресс PRO,Ամբողջական էքսպրես PRO
Full glass inner door,Внутренняя дверь из цельного стекла,Ամբողջական ապակե ներքին դուռ
Full grill,Полный гриль,Ամբողջական գրիլ
Full grill + Fan,Полный гриль + вентилятор,Ամբողջական գրիլ + օդափոխիչ
Function buttons colour,Цвет функциональных кнопок,Գործառույթների կոճակների գույնը
Functioning,Функционирование,Գործունեություն
Functions display,Дисплей функций,Գործառույթների էկրան
Furniture door can be fitted on right or left side with adjustable hinges,Дверь мебели может быть установлена с правой или левой стороны с регулируемыми петлями,Կահույքի դուռը կարող է տեղադրվել աջ կամ ձախ կողմում՝ կարգավորվող ծխնիներով
Galileo platform,Платформа Galileo,Galileo հարթակ
Gas Type,Тип газа,Գազի տեսակը
Gas connection rating (W),Номинальная мощность газового подключения (Вт),Գազի միացման գնահատական (Վտ)
Gas safety valves,Газовые клапаны безопасности,Գազի անվտանգության փականներ
Gasket type,Тип прокладки,Միջադիրի տեսակը
Gift box depth,Глубина подарочной коробки,Նվերների տուփի խորություն
Gift box height,Высота подарочной коробки,Նվերների տուփի բարձրություն
Gift box width,Ширина подарочной коробки,Նվերների տուփի լայնություն
Giftbox depth,Глубина подарочной коробки,Նվերների տուփի խորություն
Giftbox height,Высота подарочной коробки,Նվերների տուփի բարձրություն
Giftbox width,Ширина подарочной коробки,Նվերների տուփի լայնություն
Glass Type,Тип стекла,Ապակու տեսակը
Glass color,Цвет стекла,Ապակու գույնը
Glass edge,Край стекла,Ապակու եզր
Glass holder,Держатель стекла,Ապակու պահարան
Glass on Steel,Стекло на стали,Ապակի պողպատի վրա
Glass tray,Стеклянный поднос,Ապակե սկուտեղ
Glass type,Тип стекла,Ապակու տեսակը
Graduated beaker,Мерный стакан,Չափիչ բաժակ
Grease Filtering Efficiency (GFE),Эффективность жироулавливания (GFE),Ճարպի զտման արդյունավետություն (GFE)
Grease Filtering Efficiency Class (GFEC),Класс эффективности жироулавливания (GFEC),Ճարպի զտման արդյունավետության դաս (GFEC)
Green express,Зелёный экспресс,Կանաչ էքսպրես
Grid,Решётка,Ցանց
Grill - power,Гриль - мощность,Գրիլ - հզորություն
Grill element,Элемент гриля,Գրիլի տարր
Grill element - power,Элемент гриля - мощность,Գրիլի տարր - հզորություն
Grill function,Функция гриля,Գրիլի գործառույթ
Grill mesh,Решётка гриля,Գրիլի ցանց
Grill type,Тип гриля,Գրիլի տեսակը
Gross Weight (kg),Вес брутто (кг),Համախառն քաշ (կգ)
Gross volume,Общий объём,Համախառն ծավալ
Gross volume, 1st cavity,Общий объём, 1-я полость,Համախառն ծավալ, 1-ին խոռոչ
Gross volume, 3rd cavity,Общий объём, 3-я полость,Համախառն ծավալ, 3-րդ խոռոչ
Gross weight,Вес брутто,Համախառն քաշ
Gross weight (kg),Вес брутто (кг),Համախառն քաշ (կգ)
H-Condense System,Система H-Condense,H-Condense համակարգ
Half bowl cup drainer,Половинная чаша с подставкой для чашек,Կես թաս բաժակների չորացման համար
Hand blender dimensions,Размеры погружного блендера,Ձեռքի բլենդերի չափերը
Handle,Ручка,Բռնակ
Handle Colour,Цвет ручки,Բռնակի գույնը
Handle colour,Цвет ручки,Բռնակի գույնը
Handle for filtered water supply,Ручка для подачи фильтрованной воды,Ֆիլտրացված ջրի մատակարարման բռնակ
Handle kit to be ordered separately,Комплект ручек заказывается отдельно,Բռնակների հավաքածուն պատվիրվում է առանձին
Handle material,Материал ручки,Բռնակի նյութ
Handle type,Тип ручки,Բռնակի տեսակը
Handle's protection colour,Цвет защиты ручки,Բռնակի պաշտպանության գույնը
Handle's protection material,Материал защиты ручки,Բռնակի պաշտպանության նյութ
Handle(s) application,Применение ручки(ек),Բռնակ(ներ)ի կիրառություն
Handle(s) color,Цвет ручки(ек),Բռնակ(ներ)ի գույնը
Handle(s) finishing,Отделка ручки(ек),Բռնակ(ներ)ի հարդարում
Handle(s) material,Материал ручки(ек),Բռնակ(ներ)ի նյութ
Handle(s) type,Тип ручки(ек),Բռնակ(ներ)ի տեսակը
Handshower,Душевая лейка,Ցնցուղի գլխիկ
Head tilt up mode,Режим подъёма головки,Գլխի բարձրացման ռեժիմ
Heating System,Система нагрева,Ջեռուցման համակարգ
Heating plate material,Материал нагревательной пластины,Ջեռուցման ափսեի նյութ
Heating pump system,Система теплового насоса,Ջեռուցման պոմպի համակարգ
Heating suspended when door is opened,Нагрев приостанавливается при открытии дверцы,Դռան բացման ժամանակ ջեռուցումը դադարում է
Heavy metals free,Без тяжёлых металлов,Առանց ծանր մետաղների
Height,Высота,Բարձրություն
Height (mm) packaged,Высота упаковки (мм),Փաթեթավորման բարձրություն (մմ)
Height (mm) packed,Высота упаковки (мм),Փաթեթավորման բարձրություն (մմ)
Height adjustment of the upper basket,Регулировка высоты верхней корзины,Վերին զամբյուղի բարձրության կարգավորում
Height from kitchen top,Высота от столешницы,Բարձրություն խոհանոցի վերևից
Height of the built-in niche,Высота ниши для встраивания,Ներկառուցման խորշի բարձրություն
Height of the packed product (in),Высота упакованного продукта (дюймы),Փաթեթավորված արտադրանքի բարձրություն (դյույմ)
Height packaged,Высота упаковки,Փաթեթավորման բարձրություն
Height packaged (mm),Высота упаковки (мм),Փաթեթավորման բարձրություն (մմ)
Height, maximum value,Высота, максимальное значение,Բարձրություն, առավելագույն արժեք
Hinge position,Положение петель,Ծխնիների դիրքը
Hinge type,Тип петель,Ծխնիների տեսակը
Hinges,Петли,Ծխնիներ
Hob LED colours,Цвета LED варочной панели,Վառարանի LED գույներ
Hob colour,Цвет варочной панели,Վառարանի գույնը
Hob energy consumption,Энергопотребление варочной панели,Վառարանի էներգիայի սպառում
Hob energy type,Тип энергии варочной панели,Վառարանի էներգիայի տեսակը
Hob type,Тип варочной панели,Վառարանի տեսակը
Hood Type,Тип вытяжки,Արտածուծիչի տեսակը
Hood control setting,Настройка управления вытяжкой,Արտածուծիչի կառավարման կարգավորում
Hood time setting,Настройка времени вытяжки,Արտածուծիչի ժամանակի կարգավորում
Hood width,Ширина вытяжки,Արտածուծիչի լայնություն
Hot Chocolate function,Функция горячего шоколада,Տաք շոկոլադի գործառույթ
Hot Froth Dense function,Функция горячей густой пены,Տաք խիտ փրփուրի գործառույթ
Hot Froth Light function,Функция горячей лёгкой пены,Տաք թեթև փրփուրի գործառույթ
Hot Milk function,Функция горячего молока,Տաք կաթի գործառույթ
Hot Water Function,Функция горячей воды,Տաք ջրի գործառույթ
Hot Water/Steam Dispenser,Дозатор горячей воды/пара,Տաք ջրի/գոլորշու դիսպենսեր
Hot milk Foam function,Функция пены из горячего молока,Տաք կաթի փրփուրի գործառույթ
Hot water/steam Spout Color,Цвет носика горячей воды/пара,Տաք ջրի/գոլորշու ժայթքի գույնը
Humidity sensor,Датчик влажности,Խոնավության սենսոր
Hygiene 99,9%,Гигиена 99,9%,Հիգիենա 99,9%
Ice maker,Льдогенератор,Սառույցի արտադրիչ
Ice shape,Форма льда,Սառույցի ձև
Ice tray shelf,Полка для лотка для льда,Սառույցի սկուտեղի դարակ
Increments,Приращения,Ավելացումներ
Independent cooling systems,Независимые системы охлаждения,Անկախ սառեցման համակարգեր
Independent slot,Независимый слот,Անկախ անցք
Induction system with automatic switch off,Индукционная система с автоматическим отключением,Ավտոմատ անջատմամբ ինդուկցիոն համակարգ
Inferior collar material,Материал нижнего воротника,Ստորին օձիքի նյութ
Inner bowl finishing,Внутренняя отделка чаши,Ներքին թասի հարդարում
Inner bowl material,Внутренний материал чаши,Ներքին թասի նյութ
Insert gird,Вставная решётка,Ներդիր ցանց
Installation,Установка,Տեղադրում
Installation positioning of the appliance,Расположение прибора при установке,Սարքի տեղադրման դիրք
Installation type,Тип установки,Տեղադրման տեսակը
Instant GO,Мгновенный старт,Ակնթարթային մեկնարկ
Integrated cord,Встроенный кабель,Ներկառուցված մալուխ
Integrated cord wrap,Встроенная катушка для кабеля,Ներկառուցված լարի փաթաթիչ
Integrated flush waste kit,Встроенный комплект для слива,Ներկառուցված արտահոսքի հավաքածու
Integrated heating element,Встроенный нагревательный элемент,Ներկառուցված ջեռուցման տարր
Intense,Интенсивный,Ինտենսիվ
Intense 60°,Интенсивный 60°,Ինտենսիվ 60°
Intensive Pro,Интенсивный Pro,Ինտենսիվ Pro
Intensive speed,Интенсивная скорость,Ինտենսիվ արագություն
Internal body material,Материал внутреннего корпуса,Ներքին մարմնի նյութ
Internal coating,Внутреннее покрытие,Ներքին ծածկույթ
Internal coating made without PFAS,Внутреннее покрытие без PFAS,Ներքին ծածկույթ՝ առանց PFAS-ի
Internal color,Внутренний цвет,Ներքին գույն
Internal freezer compartment,Внутреннее морозильное отделение,Ներքին սառցախցիկ
Internal light,Внутренняя подсветка,Ներքին լուսավորություն
Internal light in freezer,Подсветка в морозильной камере,Սառցախցիկի ներքին լուսավորություն
Internal light in fridge,Подсветка в холодильнике,Սառնարանի ներքին լուսավորություն
Inverter,Инвертор,Ինվերտոր
Ionizer,Ионизатор,Իոնիզատոր
Jet type,Тип струи,Շիթի տեսակը
Keep Warm,Поддержание тепла,Տաք պահում
Keep Warm mode,Режим поддержания тепла,Տաք պահման ռեժիմ
Keep warm,Поддержание тепла,Տաք պահում
Keep warm automatic function,Автоматическое поддержание тепла,Տաքի ավտոմատ պահպանման գործառույթ
Kit with aesthetic components,Комплект с эстетическими компонентами,Էսթետիկ բաղադրիչների հավաքածու
Kitchen panel,Кухонная панель,Խոհանոցային վահանակ
Knives material,Материал ножей,Դանակների նյութ
Knives slots material,Материал слотов для ножей,Դանակների անցքերի նյութ
Knob,Ручка,Կոճակ
Knob Color,Цвет ручки,Կոճակի գույնը
Knob Material,Материал ручки,Կոճակի նյութ
Knob ring finishing,Отделка кольца ручки,Կոճակի օղակի հարդարում
Knob ring material,Материал кольца ручки,Կոճակի օղակի նյութ
LED Display,LED-дисплей,LED էկրան
LED colour on,Цвет LED при включении,LED-ի գույնը միացման ժամանակ
LED colours,Цвета LED,LED գույներ
LED hidden display,Скрытый LED-дисплей,Թաքնված LED էկրան
LED/display colour,Цвет LED/дисплея,LED/էկրանի գույնը
LH Bowl depth (mm),Глубина чаши LH (мм),LH թասի խորություն (մմ)
Large grill - Power,Большой гриль - Мощность,Մեծ գրիլ - Հզորություն
Largest loadable dish in lower basket,Самая большая посуда в нижней корзине,Ստորին զամբյուղի ամենամեծ բեռնվող աման
Largest loadable dish in upper basket,Самая большая посуда в верхней корзине,Վերին զամբյուղի ամենամեծ բեռնվող աման
Led color,Цвет LED,LED գույն
Led/display colour,Цвет LED/дисплея,LED/էկրանի գույնը
Left Bridge dimension,Размер левого моста,Ձախ կամրջի չափ
Left Multizone dimension,Размер левой Multizone,Ձախ Multizone-ի չափ
Lever material,Материал рычага,Լծակի նյութ
Lid colour,Цвет крышки,Կափարիչի գույնը
Lid material,Материал крышки,Կափարիչի նյութ
Lid opening,Открывание крышки,Կափարիչի բացում
Lid with seal,Крышка с уплотнением,Կնիքով կափարիչ
Life Plus zone-0°C,Зона Life Plus - 0°C,Life Plus գոտի - 0°C
Light Power,Мощность освещения,Լուսավորության հզորություն
Light color temperature range,Диапазон цветовой температуры света,Լույսի գունային ջերմաստիճանի միջակայք
Light color temperature scale (K),Шкала цветовой температуры света (K),Լույսի գունային ջերմաստիճանի սանդղակ (K)
Light type,Тип освещения,Լուսավորության տեսակը
Light when door is opened,Подсветка при открытии дверцы,Դռան բացման ժամանակ լուսավորություն
Light when oven door is open,Подсветка при открытии дверцы духовки,Ջեռոցի դռան բացման ժամանակ լուսավորություն
Lighting Efficiency (LE),Эффективность освещения (LE),Լուսավորության արդյունավետություն (LE)
Lighting Efficiency Class (LEC),Класс эффективности освещения (LEC),Լուսավորության արդյունավետության դաս (LEC)
Lighting forced ON,Принудительное включение освещения,Հարկադիր լուսավորություն ՄԻԱՑՎԱԾ
Limescale,Накипь,Կրաքար
Limited Power Consumption Mode,Режим ограниченного энергопотребления,Սահմանափակ էներգիայի սպառման ռեժիմ
Limited Power Consumption Mode in W,Режим ограниченного энергопотребления в Вт,Սահմանափակ էներգիայի սպառման ռեժիմ (Վտ)
Liquid detergent accessory as standard,Жидкое моющее средство в комплекте,Հեղուկ լվացող միջոց ստանդարտ փաթեթում
Load balancing system,Система балансировки загрузки,Բեռի հավասարակշռման համակարգ
Load capacity,Загрузочная способность,Բեռնման հզորություն
Load capacity (cotton),Загрузочная способность (хлопок),Բեռնման հզորություն (բամբակ)
Load type,Тип загрузки,Բեռնման տեսակը
Loading capacity,Загрузочная способность,Բեռնման հզորություն
Logo body type,Тип корпуса логотипа,Լոգոտիպի մարմնի տեսակը
Logo cap type,Тип колпачка логотипа,Լոգոտիպի խցանի տեսակը
Low temperature compartment,Низкотемпературное отделение,Ցածր ջերմաստիճանի խցիկ
Lower Basket,Нижняя корзина,Ստորին զամբյուղ
Lower basket with anti-drip inserts,Нижняя корзина с противокапельными вставками,Հակակաթիլային ներդիրներով ստորին զամբյուղ
Lower collar colour,Цвет нижнего воротника,Ստորին օձիքի գույնը
Lower grip colour,Цвет нижней рукоятки,Ստորին բռնակի գույնը
Lower grip material,Материал нижней рукоятки,Ստորին բռնակի նյութ
Lower heating element - power,Нижний нагревательный элемент - мощность,Ստորին ջեռուցման տարր - հզորություն
Lower heating element power,Мощность нижнего нагревательного элемента,Ստորին ջեռուցման տարրի հզորություն
Luxory rack,Люкс-решетка,Շքեղության դարակ
Luxory rack (inox),Люкс-решетка (инокс),Շքեղության դարակ (inox)
Main on/off switch,Главный выключатель,Գլխավոր անջատիչ
Manual Cold function,Ручная функция холода,Ձեռքով սառը գործառույթ
Manual Hot function,Ручная функция тепла,Ձեռքով տաք գործառույթ
Material,Материал,Նյութ
Max Capacity (bottles 0,75lt),Макс. вместимость (бутылки 0,75 л),Առավելագույն հզորություն (0,75 լ շշեր)
Max capacity,Макс. вместимость,Առավելագույն հզորություն
Max egg whites,Макс. яичных белков,Առավելագույն ձվի սպիտակուցներ
Max milk Frothing Capacity,Макс. вместимость для вспенивания молока,Կաթի փրփրման առավելագույն հզորություն
Max milk Heating Capacity,Макс. вместимость для нагрева молока,Կաթի տաքացման առավելագույն հզորություն
Max pre-prepared cake batters,Макс. готовых смесей для тортов,Առավելագույն նախապատրաստված տորթի խմոր
Max spin,Макс. отжим,Առավելագույն պտտում
Max spin speed,Макс. скорость отжима,Պտտման առավելագույն արագություն
Max water hardness,Макс. жёсткость воды,Ջրի առավելագույն կարծրություն
Max. door opening angle,Макс. угол открытия дверцы,Դռան բացման առավելագույն անկյուն
Maximum capacity,Максимальная вместимость,Առավելագույն հզորություն
Maximum pressure,Максимальное давление,Առավելագույն ճնշում
Maximum temperature,Максимальная температура,Առավելագույն ջերմաստիճան
Measured air flow rate at best efficiency point (Qbep),Измеренный расход воздуха в точке лучшей эффективности (Qbep),Լավագույն արդյունավետության կետում օդի հոսքի չափված արագություն (Qbep)
Measured air pressure at best efficiency point (Pbep),Измеренное давление воздуха в точке лучшей эффективности (Pbep),Լավագույն արդյունավետության կետում օդի ճնշման չափված արժեք (Pbep)
Measured electric power input at best efficiency point (Wbep),Измеренная электрическая мощность в точке лучшей эффективности (Wbep),Լավագույն արդյունավետության կետում էլեկտրական հզորության չափված արժեք (Wbep)
Measurer/Tamper,Мерная ложка/Трамбовка,Չափիչ/Խտացուցիչ
Measuring Cup Material,Материал мерного стакана,Չափիչ բաժակի նյութ
Meat Probe,Термозонд для мяса,Մսի ջերմազոնդ
Meat knife,Нож для мяса,Մսի դանակ
Melting/Low temperature cooking function,Плавление/Приготовление при низкой температуре,Հալում/Ցածր ջերմաստիճանի խոհարարության գործառույթ
Menu button,Кнопка меню,Մենյուի կոճակ
Metal panel on the back of the fridge,Металлическая панель на задней стенке холодильника,Սառնարանի հետևի մետաղական վահանակ
Microwave,Микроволновая печь,Միկրոալիքային վառարան
Microwave + Convection function,Функция микроволны + конвекция,Միկրոալիք + Կոնվեկցիա գործառույթ
Microwave + Grill function,Функция микроволна + гриль,Միկրոալիք + Գրիլ գործառույթ
Microwave + circulaire + fan,Микроволна + циркуляция + вентилятор,Միկրոալիք + Շրջանառություն + օդափոխիչ
Microwave + grill,Микроволна + гриль,Միկրոալիք + գրիլ
Microwave - Input power,Микроволна - Входная мощность,Միկրոալիք - Մուտքային հզորություն
Microwave - Output power,Микроволна - Выходная мощность,Միկրոալիք - Ելքային հզորություն
Microwave effective power,Эффективная мощность микроволны,Միկրոալիքի արդյունավետ հզորություն
Microwave function,Функция микроволны,Միկրոալիքի գործառույթ
Microwave screen protection,Защита экрана микроволновки,Միկրոալիքի էկրանի պաշտպանություն
Microwave stops when door is opened,Микроволна останавливается при открытии дверцы,Դռան բացման ժամանակ միկրոալիքը դադարում է
Milk and Chocolate heating Jug capacity,Вместимость кувшина для подогрева молока и шоколада,Կաթի և շոկոլադի տաքացման սափորի հզորություն
Min Capacity,Мин. вместимость,Նվազագույն հզորություն
Min spin,Мин. отжим,Նվազագույն պտտում
Min. and max plinth height,Мин. и макс. высота цоколя,Ցոկոլի նվազագույն և առավելագույն բարձրություն
Min. and max. frontal panel weight,Мин. и макс. вес передней панели,Առջևի վահանակի նվազագույն և առավելագույն քաշ
Min. egg whites,Мин. яичных белков,Նվազագույն ձվի սպիտակուցներ
Minimum Temperature,Минимальная температура,Նվազագույն ջերմաստիճան
Minimum distance from ELECTRIC hob,Мин. расстояние от электрической варочной панели,Էլեկտրական վառարանից նվազագույն հեռավորություն
Minimum distance from GAS hob,Мин. расстояние от газовой варочной панели,Գազի վառարանից նվազագույն հեռավորություն
Minimum pan diameter indication,Индикация мин. диаметра посуды,Թավայի նվազագույն տրամագծի ցուցում
Minimum pressure,Минимальное давление,Նվազագույն ճնշում
Minute minder,Таймер,Ժմչփ
Minutes count up timer,Таймер с отсчётом минут,Րոպեների հաշվման ժմչփ
Mix,Смесь,Խառնուրդ
Mix 60°,Смесь 60°,Խառնուրդ 60°
Mix PRO,Смесь PRO,Խառնուրդ PRO
Moka stand,Подставка для моки,Մոկայի հենարան
Moka stand in cast iron,Подставка для моки из чугуна,Չուգունե մոկայի հենարան
Motor,Мотор,Շարժիչ
Motor overload protection,Защита от перегрузки двигателя,Շարժիչի գերբեռնվածության պաշտպանություն
Motor power,Мощность двигателя,Շարժիչի հզորություն
Motor thermal protection,Термозащита двигателя,Շարժիչի ջերմապաշտպանություն
Motor type,Тип двигателя,Շարժիչի տեսակը
Motorised opening,Моторизованное открывание,Մոտորացված բացում
Multi-step,Многоступенчатый,Բազմաստիճան
Multi-step cooking,Многоступенчатое приготовление,Բազմաստիճան խոհարարություն
Multi-step function,Многоступенчатая функция,Բազմաստիճան գործառույթ
MultiFlow,Мультипоток,Բազմահոսք
MultiZone,Мультизона,Բազմագոտի
Multitech functions,Функции Multitech,Multitech գործառույթներ
Multizone Option,Опция Multizone,Multizone տարբերակ
N. cold functions,Кол-во холодных функций,Սառը գործառույթների քանակ
N. of fans,Кол-во вентиляторов,Օդափոխիչների քանակ
N. of ovens,Кол-во духовок,Ջեռոցների քանակ
N. of programmes,Кол-во программ,Ծրագրերի քանակ
Natural Plus Blu Light,Естественный плюс синий свет,Բնական գումարած կապույտ լույս
Net Weight (kg),Вес нетто (кг),Զուտ քաշ (կգ)
Net freezing capacity,Полезная мощность заморозки,Զուտ սառեցման հզորություն
Net volume,Полезный объём,Զուտ ծավալ
Net volume of the cavity,Полезный объём полости,Խոռոչի զուտ ծավալ
Net volume of the second cavity,Полезный объём второй полости,Երկրորդ խոռոչի զուտ ծավալ
Net volume, 3rd cavity,Полезный объём, 3-я полость,Զուտ ծավալ, 3-րդ խոռոչ
Net weight,Вес нетто,Զուտ քաշ
Net weight (kg),Вес нетто (кг),Զուտ քաշ (կգ)
Networked standby activation time,Время активации сетевого режима ожидания,Ցանցային սպասման ռեժիմի ակտիվացման ժամանակ
Networked standby power,Мощность в сетевом режиме ожидания,Ցանցային սպասման ռեժիմի հզորություն
Nickel free,Без никеля,Առանց նիկելի
No. of Flexible zones,Кол-во гибких зон,Ճկուն գոտիների քանակ
No. of adjustable door shelves,Кол-во регулируемых полок на дверце,Դռան կարգավորվող դարակների քանակ
No. of adjustable shelves,Кол-во регулируемых полок,Կարգավորվող դարակների քանակ
No. of bottle shelves,Кол-во полок для бутылок,Շշերի դարակների քանակ
No. of bowls,Кол-во чаш,Թասերի քանակ
No. of ceramic cook zones,Кол-во керамических зон,Կերամիկական գոտիների քանակ
No. of clips,Кол-во клипс,Կցորդների քանակ
No. of compartments with flap,Кол-во отделений с клапаном,Փեղկով խցիկների քանակ
No. of compressors,Кол-во компрессоров,Կոմպրեսորների քանակ
No. of control knobs,Кол-во ручек управления,Կառավարման կոճակների քանակ
No. of controls,Кол-во органов управления,Կառավարման տարրերի քանակ
No. of cooking functions,Кол-во функций приготовления,Խոհարարության գործառույթների քանակ
No. of cooking functions secondary oven,Кол-во функций приготовления для второй духовки,Երկրորդ ջեռոցի խոհարարության գործառույթների քանակ
No. of cooking zones with Booster,Кол-во зон с бустером,Բուսթերով գոտիների քանակ
No. of cooking zones with booster,Кол-во зон с бустером,Բուսթերով գոտիների քանակ
No. of door shelves with transparent cover,Кол-во полок на дверце с прозрачной крышкой,Թափանցիկ ծածկով դռների դարակների քանակ
No. of electric plate cook zones,Кол-во электрических зон,Էլեկտրական գոտիների քանակ
No. of filters,Кол-во фильтров,Ֆիլտրերի քանակ
No. of functions,Кол-во функций,Գործառույթների քանակ
No. of functions third oven,Кол-во функций для третьей духовки,Երրորդ ջեռոցի գործառույթների քանակ
No. of gas cook zones,Кол-во газовых зон,Գազի գոտիների քանակ
No. of induction cook zones,Кол-во индукционных зон,Ինդուկցիոն գոտիների քանակ
No. of lights,Кол-во светильников,Լուսատուների քանակ
No. of programmes,Кол-во программ,Ծրագրերի քանակ
No. of shelves,Кол-во полок,Դարակների քանակ
No. of shelves/ levels,Кол-во полок/уровней,Դարակների/մակարդակների քանակ
No. of slices,Кол-во ломтиков,Կտորների քանակ
No. of slots,Кол-во слотов,Անցքերի քանակ
No. of speeds,Кол-во скоростей,Արագությունների քանակ
No. of thermo-reflective door glasses,Кол-во теплоотражающих стёкол,Ջերմային անդրադարձման ապակիների քանակ
No. of thermoreflecting door glasses,Кол-во теплоотражающих стёкол,Ջերմային անդրադարձման ապակիների քանակ
No. of toasting levels,Кол-во уровней поджаривания,Բովելու մակարդակների քանակ
No. of total door glasses,Общее кол-во стёкол в дверце,Դռան ապակիների ընդհանուր քանակ
No. of warming functions,Кол-во функций подогрева,Տաքացման գործառույթների քանակ
No. thermo-reflective door glasses,Кол-во теплоотражающих стёкол,Ջերմային անդրադարձման ապակիների քանակ
No. total door glasses,Общее кол-во стёкол в дверце,Դռան ապակիների ընդհանուր քանակ
No.of thermo-reflective door glasses,Кол-во теплоотражающих стёкол,Ջերմային անդրադարձման ապակիների քանակ
Noise level,Уровень шума,Աղմուկի մակարդակ
Noise level IEC 60704-2-13,Уровень шума IEC 60704-2-13,Աղմուկի մակարդակ IEC 60704-2-13
Noise level for the standard cotton programme at full load,Уровень шума для стандартной программы хлопок при полной загрузке,Աղմուկի մակարդակ ստանդարտ բամբակյա ծրագրի համար՝ ամբողջ բեռնվածությամբ
Nominal Power consumption of the light system (WL),Номинальное энергопотребление системы освещения (WL),Լուսավորության համակարգի անվանական էներգիայի սպառում (WL)
Nominal power,Номинальная мощность,Անվանական հզորություն
Non return valve,Обратный клапан,Չվերադարձվող փական
Non-return valve,Обратный клапан,Չվերադարձվող փական
Non-slip feet material,Материал противоскользящих ножек,Հակասայթաքման ոտքերի նյութ
Notched Disc for Froth and Manual functions,Диск с насечками для пены и ручных функций,Խազերով սկավառակ փրփուրի և ձեռքով գործառույթների համար
Nr Crumb tray,Кол-во лотков для крошек,Փշրանքների սկուտեղների քանակ
Nr control panel,Кол-во панелей управления,Կառավարման վահանակների քանակ
Number of Flexible zones,Количество гибких зон,Ճկուն գոտիների քանակ
Number of adjustable door shelves,Количество регулируемых полок на дверце,Դռան կարգավորվող դարակների քանակ
Number of compressors,Количество компрессоров,Կոմպրեսորների քանակ
Number of door glasses,Количество стёкол в дверце,Դռան ապակիների քանակ
Number of drawers,Количество ящиков,Դարակների քանակ
Number of fixed shelves,Количество стационарных полок,Ֆիքսված դարակների քանակ
Number of fruit and vegetables drawers,Количество ящиков для фруктов и овощей,Մրգերի և բանջարեղենի դարակների քանակ
Number of place settings,Количество приборов,Տեղերի քանակ
Number of removable and folding shelves,Количество съёмных и складных полок,Շարժական և ծալովի դարակների քանակ
Number of removable shelves,Количество съёмных полок,Շարժական դարակների քանակ
N° automatic recipes,Кол-во автоматических рецептов,Ավտոմատ բաղադրատոմսերի քանակ
N° baskets,Кол-во корзин,Զամբյուղների քանակ
N° buttons,Кол-во кнопок,Կոճակների քանակ
N° of beverage buttons,Кол-во кнопок напитков,Խմիչքների կոճակների քանակ
ON/OFF button,Кнопка ВКЛ/ВЫКЛ,ՄԻԱՑՈՒՄ/ԱՆՋԱՏՈՒՄ կոճակ
ON/OFF switch,Выключатель ВКЛ/ВЫКЛ,ՄԻԱՑՈՒՄ/ԱՆՋԱՏՈՒՄ անջատիչ
Oak HPL chopping board,Дубовая разделочная доска из HPL,Կաղնու HPL կտրող տախտակ
On/Off buttons colour,Цвет кнопок Вкл/Выкл,Միացում/Անջատում կոճակների գույնը
On/off indicator,Индикатор вкл/выкл,Միացման/անջատման ցուցիչ
On/off indicator (light),Индикатор вкл/выкл (световой),Միացման/անջատման ցուցիչ (լուսային)
Opening,Отверстие,Բացվածք
Optimal pressure,Оптимальное давление,Օպտիմալ ճնշում
Optimus beater,Венчик Optimus,Optimus հարիչ
Optimus beater material,Материал венчика Optimus,Optimus հարիչի նյութ
Option Time Programmes,Опция Программы по времени,Ժամանակային ծրագրերի տարբերակ
Option drying level,Опция уровня сушки,Չորացման մակարդակի տարբերակ
Orange Menu,Оранжевое меню,Նարնջագույն մենյու
Other,Другое,Այլ
Other Microwave functions,Другие функции микроволновой печи,Միկրոալիքային այլ գործառույթներ
Other accessories,Другие аксессуары,Այլ աքսեսուարներ
Other functions,Другие функции,Այլ գործառույթներ
Other gas connections provided,Другие газовые подключения в комплекте,Այլ գազային միացումներ ներառված են
Other gas nozzles included,Другие газовые форсунки в комплекте,Այլ գազի վարդակներ ներառված են
Other options,Другие опции,Այլ տարբերակներ
Oven grid with back stop,Решётка духовки с задним упором,Ջեռոցի ցանց հետևի կանգառով
Oven safe,Пригоден для использования в духовке,Ջեռոցում օգտագործման համար
Overflow,Перелив,Վարարում
Overflow LH bowl,Перелив чаши LH,LH թասի վարարում
PST certificate support period [UK],Период поддержки сертификата PST [Великобритания],PST վկայագրի աջակցության ժամկետ [Մեծ Բրիտանիա]
Packaged Product Depth,Глубина упакованного продукта,Փաթեթավորված արտադրանքի խորություն
Packaged Product Height,Высота упакованного продукта,Փաթեթավորված արտադրանքի բարձրություն
Packaged Product Width,Ширина упакованного продукта,Փաթեթավորված արտադրանքի լայնություն
Packaged depth,Глубина упаковки,Փաթեթավորման խորություն
Packaged height,Высота упаковки,Փաթեթավորման բարձրություն
Packaged width,Ширина упаковки,Փաթեթավորման լայնություն
Packaging Composition - Paper and Cardboard (kg),Состав упаковки - бумага и картон (кг),Փաթեթավորման կազմը - թուղթ և ստվարաթուղթ (կգ)
Packaging Composition - Plastic (kg),Состав упаковки - пластик (кг),Փաթեթավորման կազմը - պլաստիկ (կգ)
Packaging Composition - Polystyrene (kg),Состав упаковки - полистирол (кг),Փաթեթավորման կազմը - պոլիստիրոլ (կգ)
Packaging Composition - Wood (kg),Состав упаковки - древесина (кг),Փաթեթավորման կազմը - փայտ (կգ)
Packaging Type,Тип упаковки,Փաթեթավորման տեսակը
Packaging composition - paper & cardboard,Состав упаковки - бумага и картон,Փաթեթավորման կազմը - թուղթ և ստվարաթուղթ
Packaging composition - paper & cardboard (kg),Состав упаковки - бумага и картон (кг),Փաթեթավորման կազմը - թուղթ և ստվարաթուղթ (կգ)
Packaging composition - paper and Cardboard (kg),Состав упаковки - бумага и картон (кг),Փաթեթավորման կազմը - թուղթ և ստվարաթուղթ (կգ)
Packaging composition - plastic (kg),Состав упаковки - пластик (кг),Փաթեթավորման կազմը - պլաստիկ (կգ)
Packaging composition - polystyrene (kg),Состав упаковки - полистирол (кг),Փաթեթավորման կազմը - պոլիստիրոլ (կգ)
Packaging composition - wood (kg),Состав упаковки - древесина (кг),Փաթեթավորման կազմը - փայտ (կգ)
Packed Product Dimensions,Размеры упакованного продукта,Փաթեթավորված արտադրանքի չափերը
Packed Product Dimensions (mm),Размеры упакованного продукта (мм),Փաթեթավորված արտադրանքի չափերը (մմ)
Packed depth (mm),Глубина упаковки (мм),Փաթեթավորման խորություն (մմ)
Packed height (mm),Высота упаковки (мм),Փաթեթավորման բարձրություն (մմ)
Packed width,Ширина упаковки,Փաթեթավորման լայնություն
Packed width (mm),Ширина упаковки (мм),Փաթեթավորման լայնություն (մմ)
Pan Stand Coating,Покрытие подставки для кастрюль,Թավայի հենարանի ծածկույթ
Pan reducer/Moka stand,Переходник для посуды/Подставка для моки,Թավայի կրճատիչ/Մոկայի հենարան
Pan stands,Подставки для посуды,Թավայի հենարաններ
Paper Pods Filter,Фильтр для бумажных капсул,Թղթե պարկուճների ֆիլտր
Pause function,Функция паузы,Դադարի գործառույթ
Pause option,Опция паузы,Դադարի տարբերակ
Perimeter extraction,Периметральная вытяжка,Պարագծային արտահանում
Permanent Automatic Pot Detection with indication of the relative control,Постоянное автоматическое обнаружение посуды с индикацией управления,Մշտական ավտոմատ թավայի հայտնաբերում՝ կառավարման ցուցումով
Permanent filter colour,Цвет постоянного фильтра,Մշտական ֆիլտրի գույնը
Permanent filter material,Материал постоянного фильтра,Մշտական ֆիլտրի նյութ
Pizza,Пицца,Պիցցա
Pizza Accessories,Аксессуары для пиццы,Պիցցայի աքսեսուարներ
Pizza Oven,Печь для пиццы,Պիցցայի ջեռոց
Pizza dish,Форма для пиццы,Պիցցայի աման
Plate rack/warmer,Подставка/подогреватель для тарелок,Ափսեների դարակ/տաքացուցիչ
Plinth,Цоколь,Ցոկոլ
Plinth colour,Цвет цоколя,Ցոկոլի գույնը
Plug,Вилка,Խրոցակ
Polypropilene tank,Бак из полипропилена,Պոլիպրոպիլենային բաք
Popup command,Всплывающая команда,Բացվող հրաման
Popup command type,Тип всплывающей команды,Բացվող հրամանի տեսակը
Possibility to install waste disposal,Возможность установки измельчителя отходов,Աղբի մանրացման տեղադրման հնարավորություն
Possible gas hob replacement,Возможная замена газовой варочной панели,Գազի վառարանի հնարավոր փոխարինում
Pouring shield,Защитный экран для наливания,Լցման պաշտպանիչ վահան
Pouring shield material,Материал защитного экрана,Լցման պաշտպանիչ վահանի նյութ
Power,Мощность,Հզորություն
Power Consumption in Off mode (Po),Энергопотребление в выключенном режиме (Po),Էներգիայի սպառում անջատված ռեժիմում (Po)
Power Cord Length,Длина кабеля питания,Էլեկտրամատակարարման մալուխի երկարությունը
Power Input,Входная мощность,Մուտքային հզորություն
Power consumption in stand-by mode (Ps),Энергопотребление в режиме ожидания (Ps),Էներգիայի սպառում սպասման ռեժիմում (Ps)
Power double booster 1° zone,Мощность двойного бустера 1-й зоны,Կրկնակի բուսթերի հզորություն 1-ին գոտի
Power double booster 2° zone,Мощность двойного бустера 2-й зоны,Կրկնակի բուսթերի հզորություն 2-րդ գոտի
Power double booster 3° zone,Мощность двойного бустера 3-й зоны,Կրկնակի բուսթերի հզորություն 3-րդ գոտի
Power double booster 4° zone,Мощность двойного бустера 4-й зоны,Կրկնակի բուսթերի հզորություն 4-րդ գոտի
Power double booster 5° zone,Мощность двойного бустера 5-й зоны,Կրկնակի բուսթերի հզորություն 5-րդ գոտի
Power double booster 6° zone,Мощность двойного бустера 6-й зоны,Կրկնակի բուսթերի հզորություն 6-րդ գոտի
Power levels,Уровни мощности,Հզորության մակարդակներ
Power off activation time,Время до отключения питания,Անջատման ակտիվացման ժամանակ
Power on lamp,Лампа включения,Միացման լամպ
Power supply,Электропитание,Էլեկտրամատակարարում
Power supply cable length,Длина кабеля питания,Էլեկտրամատակարարման մալուխի երկարությունը
Pressure,Давление,Ճնշում
Product Depth,Глубина продукта,Արտադրանքի խորություն
Product Dimensions,Размеры продукта,Արտադրանքի չափերը
Product Dimensions W x H x D,Размеры продукта Ш x В x Г,Արտադրանքի չափերը Լ x Բ x Խ
Product Family,Семейство продуктов,Արտադրանքի ընտանիք
Product Height,Высота продукта,Արտադրանքի բարձրություն
Product Height (mm),Высота продукта (мм),Արտադրանքի բարձրություն (մմ)
Product Width,Ширина продукта,Արտադրանքի լայնություն
Product depth,Глубина продукта,Արտադրանքի խորություն
Product depth with doors open at 90°,Глубина продукта с открытыми дверцами на 90°,Արտադրանքի խորություն 90° բաց դռներով
Product depth with handle,Глубина продукта с ручкой,Արտադրանքի խորություն բռնակով
Product dimensions,Размеры продукта,Արտադրանքի չափերը
Product dimensions (H x W x D),Размеры продукта (В x Ш x Г),Արտադրանքի չափերը (Բ x Լ x Խ)
Product family,Семейство продуктов,Արտադրանքի ընտանիք
Product height,Высота продукта,Արտադրանքի բարձրություն
Product height (mm),Высота продукта (мм),Արտադրանքի բարձրություն (մմ)
Product lenght,Длина продукта,Արտադրանքի երկարություն
Product off power,Мощность в выключенном состоянии,Անջատված վիճակի հզորություն
Product stand-by power,Мощность в режиме ожидания,Սպասման ռեժիմի հզորություն
Product width,Ширина продукта,Արտադրանքի լայնություն
Product width with maximum doors opening,Ширина продукта с максимально открытыми дверцами,Արտադրանքի լայնություն առավելագույն բաց դռներով
Professional option,Профессиональная опция,Պրոֆեսիոնալ տարբերակ
Programmable Automatic Start,Программируемый автоматический запуск,Ծրագրավորվող ավտոմատ մեկնարկ
Programme duration,Длительность программы,Ծրագրի տևողությունը
Programme duration at rated capacity,Длительность программы при номинальной загрузке,Ծրագրի տևողությունը գնահատված հզորությամբ
Programme progress indicator,Индикатор хода программы,Ծրագրի առաջընթացի ցուցիչ
Programme progress indicator (light),Индикатор хода программы (световой),Ծրագրի առաջընթացի ցուցիչ (լուսային)
Programme selection knob,Ручка выбора программы,Ծրագրի ընտրության կոճակ
Programme/temperature knob colour,Цвет ручки программы/температуры,Ծրագրի/ջերմաստիճանի կոճակի գույնը
Programme/temperature selection knob,Ручка выбора программы/температуры,Ծրագրի/ջերմաստիճանի ընտրության կոճակ
Programmes,Программы,Ծրագրեր
Progress indicator,Индикатор хода,Առաջընթացի ցուցիչ
Protection against accidental start up,Защита от случайного запуска,Պատահական գործարկումից պաշտպանություն
Pulsante ON/OFF,Кнопка ВКЛ/ВЫКЛ,ՄԻԱՑՈՒՄ/ԱՆՋԱՏՈՒՄ կոճակ
Pump Pressure,Давление насоса,Պոմպի ճնշում
Quick Start function,Функция быстрого старта,Արագ մեկնարկի գործառույթ
Quick option,Быстрая опция,Արագ տարբերակ
Quick start,Быстрый старт,Արագ մեկնարկ
Quick start option,Опция быстрого старта,Արագ մեկնարկի տարբերակ
Quiet (-2 dB),Тихий (-2 дБ),Հանգիստ (-2 դԲ)
RPM MAX,Макс. об/мин,Պտույտ/րոպե առավելագույն
RPM MIN,Мин. об/мин,Պտույտ/րոպե նվազագույն
Rack with back and side stop,Решётка с задним и боковым упором,Հետևի և կողային կանգառով ցանց
Rack with back stop,Решётка с задним упором,Հետևի կանգառով ցանց
Rack with back stop (concave),Решётка с задним упором (вогнутая),Հետևի կանգառով ցանց (գոգավոր)
Rack with back stop (inox, concave),Решётка с задним упором (инокс, вогнутая),Հետևի կանգառով ցանց (inox, գոգավոր)
Radius corner bowl,Радиус угла чаши,Թասի անկյունի շառավիղ
Radius corner left bowl,Радиус угла левой чаши,Ձախ թասի անկյունի շառավիղ
Radius corner right bowl (mm),Радиус угла правой чаши (мм),Աջ թասի անկյունի շառավիղ (մմ)
Rapid level selection,Быстрый выбор уровня,Արագ մակարդակի ընտրություն
Rapid pre-heating,Быстрый предварительный нагрев,Արագ նախատաքացում
Rated capacity (Complete cycle),Номинальная загрузка (полный цикл),Գնահատված հզորություն (ամբողջական ցիկլ)
Rated capacity (Washing cycle),Номинальная загрузка (цикл стирки),Գնահատված հզորություն (լվացման ցիկլ)
Rated capacity (ps),Номинальная загрузка (шт),Գնահատված հզորություն (հատ)
Rating,Номинальная мощность,Գնահատական
Reference height,Эталонная высота,Հղման բարձրություն
Reference width,Эталонная ширина,Հղման լայնություն
Reheat function,Функция разогрева,Վերատաքացման գործառույթ
Remote control,Дистанционное управление,Հեռակառավարում
Remote motor,Выносной мотор,Հեռակառավարվող շարժիչ
Removable,Съёмный,Շարժական
Removable Dishwasher Safe Carafe,Съёмный кувшин, пригодный для мытья в посудомоечной машине,Շարժական աման լվացող մեքենայում լվացվող սափոր
Removable Dishwasher Safe Lid,Съёмная крышка, пригодная для мытья в посудомоечной машине,Շարժական աման լվացող մեքենայում լվացվող կափարիչ
Removable Drip Tray,Съёмный поддон для капель,Շարժական կաթիլների սկուտեղ
Removable Water Container,Съёмный контейнер для воды,Շարժական ջրի տարա
Removable door,Съёмная дверца,Շարժական դուռ
Removable inner door,Съёмная внутренняя дверца,Շարժական ներքին դուռ
Removable measuring cup/lid,Съёмный мерный стакан/крышка,Շարժական չափիչ բաժակ/կափարիչ
Removable shelves on telescopic guide rails,Съёмные полки на телескопических направляющих,Շարժական դարակներ հեռադիտակային ուղեցույցներով
Residual heat indicator,Индикатор остаточного тепла,Մնացորդային ջերմության ցուցիչ
Residual time indicator,Индикатор остаточного времени,Մնացորդային ժամանակի ցուցիչ
Reversible door,Реверсивная дверца,Շրջելի դուռ
Right Bridge dimension,Размер правого моста,Աջ կամրջի չափ
Right Multizone dimension,Размер правой Multizone,Աջ Multizone-ի չափ
Rim finishing,Отделка края,Եզրի հարդարում
Rinse aid indicator,Индикатор ополаскивателя,Ողողման միջոցի ցուցիչ
Rondò Cover waste kit,Сливной комплект с крышкой Rondò,Rondò ծածկով արտահոսքի հավաքածու
Sabbath Mode,Режим Субботы,Շաբաթի ռեժիմ
Safety Thermostat,Термостат безопасности,Անվտանգության թերմոստատ
Safety auto shut off,Автоматическое отключение безопасности,Անվտանգության ավտոմատ անջատում
Safety lock when the head is tilted up,Блокировка безопасности при поднятой головке,Անվտանգության կողպեք գլխի բարձրացման ժամանակ
Safety motor block,Блокировка двигателя безопасности,Անվտանգության շարժիչի արգելափակում
Salt light indicator,Индикатор соли,Աղի ցուցիչ
SameTime,Одновременное приготовление,Միաժամանակյա
Santoku knife,Нож сантоку,Սանտոկու դանակ
Seconds count up timer,Таймер с отсчётом секунд,Վայրկյանների հաշվման ժմչփ
Security Valve,Клапан безопасности,Անվտանգության փական
Selected zone indicator,Индикатор выбранной зоны,Ընտրված գոտու ցուցիչ
Self clean,Самоочистка,Ինքնամաքրում
Series,Серия,Սերիա
Serigraphy colour,Цвет шелкографии,Մետաքսատպության գույնը
Shelves material,Материал полок,Դարակների նյութ
Shelves type,Тип полок,Դարակների տեսակը
Show information in Standby,Отображение информации в режиме ожидания,Տեղեկատվության ցուցադրում սպասման ռեժիմում
Showroom Demo Option,Опция демонстрации в шоу-руме,Ցուցասրահի ցուցադրման տարբերակ
Showroom demo option,Опция демонстрации в шоу-руме,Ցուցասրահի ցուցադրման տարբերակ
Side colour,Цвет боковой стороны,Կողային գույն
Side material,Материал боковой стороны,Կողային նյութ
Sides colour,Цвет боковых сторон,Կողային գույներ
Simmering Function,Функция томления,Մարմանդ եփման գործառույթ
Sink dimensions,Размеры мойки,Լվացարանի չափերը
Sink material,Материал мойки,Լվացարանի նյութ
Sistema Total No - Frost,Система Total No Frost,Total No Frost համակարգ
Sistema anti-goccia,Антикапельная система,Հակակաթիլային համակարգ
Slider,Слайдер,Սահիչ
Sliding Guides Extra Glide,Направляющие скольжения Extra Glide,Extra Glide սահող ուղեցույցներ
Sliding door,Раздвижная дверца,Սահող դուռ
Slot for Co2 cylinder insertion,Слот для установки баллона CO2,CO2 բալոնի տեղադրման անցք
Slot width,Ширина слота,Անցքի լայնություն
Slot-in,Встраиваемый,Ներկառուցվող
Smart cooking,Умное приготовление,Խելացի խոհարարություն
SmegConnect,SmegConnect,SmegConnect
Smooth Disc for Hot Milk and Manual functions,Гладкий диск для горячего молока и ручных функций,Հարթ սկավառակ տաք կաթի և ձեռքով գործառույթների համար
Smooth start function,Функция плавного пуска,Հարթ մեկնարկի գործառույթ
Smooth start system,Система плавного пуска,Հարթ մեկնարկի համակարգ
Soak,Замачивание,Թրջում
Soft Close hinges,Петли мягкого закрывания,Փափուկ փակման ծխնիներ
Soft Close system,Система мягкого закрывания,Փափուկ փակման համակարգ
Soft Open,Мягкое открывание,Փափուկ բացում
Sound alarm after brewing,Звуковой сигнал после варки,Եփելուց հետո ձայնային ազդանշան
Sound power level at highest setting (Lwa),Уровень звуковой мощности на макс. настройке (Lwa),Ձայնային հզորության մակարդակ առավելագույն կարգավորումով (Lwa)
Sound signals,Звуковые сигналы,Ձայնային ազդանշաններ
Spacer depth,Глубина проставки,Բաժանարարի խորություն
Special Clean programme, to remove residual fluff,Специальная программа очистки от остаточного ворса,Հատուկ մաքրման ծրագիր մնացորդային փափկության հեռացման համար
Special programs option,Опция специальных программ,Հատուկ ծրագրերի տարբերակ
Speed control,Регулировка скорости,Արագության կառավարում
Speeds,Скорости,Արագություններ
Spin speed selection on display/LED,Выбор скорости отжима на дисплее/LED,Պտտման արագության ընտրություն էկրանին/LED-ի վրա
Spin-drying efficiency class,Класс эффективности отжима,Պտտման արդյունավետության դաս
Spout color,Цвет носика,Ժայթքի գույնը
Spout material,Материал носика,Ժայթքի նյութ
Spout type,Тип носика,Ժայթքի տեսակը
St/steel perforated deep tray (40mm),Перфорированный глубокий противень из нерж. стали (40 мм),Ծակոտած խորը սկուտեղ չժանգոտվող պողպատից (40 մմ)
St/steel tray (20mm),Противень из нерж. стали (20 мм),Չժանգոտվող պողպատից սկուտեղ (20 մմ)
Stand-by mode,Режим ожидания,Սպասման ռեժիմ
Stand-by setting,Настройка режима ожидания,Սպասման ռեժիմի կարգավորում
Standby activation time,Время активации режима ожидания,Սպասման ռեժիմի ակտիվացման ժամանակ
Standby power,Мощность в режиме ожидания,Սպասման ռեժիմի հզորություն
Start cycle,Старт цикла,Ցիկլի մեկնարկ
Start timing,Запуск по таймеру,Ժմչփով մեկնարկ
Steady Mix System,Система Steady Mix,Steady Mix համակարգ
Steam / Hot water lever material,Материал рычага пара/горячей воды,Գոլորշու/տաք ջրի լծակի նյութ
Steam activation,Активация пара,Գոլորշու ակտիվացում
Steam assisted levels,Уровни помощи паром,Գոլորշու օգնության մակարդակներ
Steam nozzle material,Материал паровой насадки,Գոլորշու վարդակի նյութ
Steam protection,Защита от пара,Գոլորշու պաշտպանություն
Steam range,Диапазон пара,Գոլորշու տիրույթ
Steam wand cleaning needle,Игла для очистки паровой трубки,Գոլորշու խողովակի մաքրման ասեղ
Sterilise option,Опция стерилизации,Ստերիլիզացման տարբերակ
Sticker,Наклейка,Կպցուկ
Stirrer,Мешалка,Խառնիչ
Storage compartment,Отделение для хранения,Պահեստավորման խցիկ
Strainer dimension,Размер сита,Քամիչի չափ
Strainer dimension LH bowl,Размер сита для чаши LH,Քամիչի չափ LH թասի համար
Strainer position,Положение сита,Քամիչի դիրքը
Strainer position LH bowl,Положение сита для чаши LH,Քամիչի դիրքը LH թասի համար
Suitable for,Подходит для,Հարմար է
Sum of the volumes of the chill compartment(s) and the unfrozen compartment(s),Сумма объёмов охлаждаемых и незамороженных отделений,Սառեցման և չսառեցված խցիկների ծավալների գումար
Sum of the volumes of the frozen compartment(s),Сумма объёмов морозильных отделений,Սառեցված խցիկների ծավալների գումար
Support pins colour,Цвет опорных штифтов,Հենակետային քորոցների գույնը
Support pins material,Материал опорных штифтов,Հենակետային քորոցների նյութ
Swivelling spout,Поворотный носик,Պտտվող ժայթք
Swivelling spout rotation,Поворот носика,Ժայթքի պտույտ
TARE button,Кнопка ТАРА,ՏԱՐԱ կոճակ
Tank Material,Материал бака,Բաքի նյութ
Tank capacity,Вместимость бака,Բաքի տարողություն
Tap hole,Отверстие под кран,Ծորակի անցք
Tap hole / precut tap hole,Отверстие под кран / предварительно вырезанное отверстие,Ծորակի անցք / նախապես կտրված ծորակի անցք
Tap hole diameter,Диаметр отверстия под кран,Ծորակի անցքի տրամագիծը
Tap type,Тип крана,Ծորակի տեսակը
Tare function,Функция тары,Տարայի գործառույթ
Telescopic Guide rails, partial Extraction,Телескопические направляющие, частичное выдвижение,Հեռադիտակային ուղեցույցներ, մասնակի հանում
Telescopic Guide rails, total Extraction,Телескопические направляющие, полное выдвижение,Հեռադիտակային ուղեցույցներ, ամբողջական հանում
Telescopic Guide rails, total Extraction (inox),Телескопические направляющие, полное выдвижение (инокс),Հեռադիտակային ուղեցույցներ, ամբողջական հանում (inox)
Temperature Alarm,Сигнал температуры,Ջերմաստիճանի ազդանշան
Temperature Rise Time,Время повышения температуры,Ջերմաստիճանի բարձրացման ժամանակ
Temperature alarm,Сигнал температуры,Ջերմաստիճանի ազդանշան
Temperature alarm lamp,Лампа сигнала температуры,Ջերմաստիճանի ազդանշանի լամպ
Temperature control,Регулировка температуры,Ջերմաստիճանի կառավարում
Temperature display LED,LED-дисплей температуры,Ջերմաստիճանի LED էկրան
Temperature probe,Термозонд,Ջերմազոնդ
Temperature range,Диапазон температур,Ջերմաստիճանի տիրույթ
Temperature settings,Настройки температуры,Ջերմաստիճանի կարգավորումներ
Third spray arm,Третья разбрызгивающая рука,Երրորդ ցողիչ թև
Tiliting grill,Наклонный гриль,Թեքվող գրիլ
Tilting grill,Наклонный гриль,Թեքվող գրիլ
Time drying selection,Выбор времени сушки,Չորացման ժամանակի ընտրություն
Time increase factor (F),Коэффициент увеличения времени (F),Ժամանակի ավելացման գործակից (F)
Time of the standard cotton program at full load,Время стандартной программы хлопок при полной загрузке,Ստանդարտ բամբակյա ծրագրի ժամանակը ամբողջ բեռնվածությամբ
Time of the standard cotton program at partial load,Время стандартной программы хлопок при частичной загрузке,Ստանդարտ բամբակյա ծրագրի ժամանակը մասնակի բեռնվածությամբ
Time-setting options,Опции установки времени,Ժամանակի կարգավորման տարբերակներ
Timer,Таймер,Ժմչփ
Tones,Звуковые сигналы,Ձայներ
Tones deactivation,Отключение звуковых сигналов,Ձայների անջատում
Top colour,Цвет верха,Վերևի գույնը
Top material,Материал верха,Վերևի նյութ
Total gross volume,Общий объём брутто,Ընդհանուր համախառն ծավալ
Total net volume,Общий полезный объём,Ընդհանուր զուտ ծավալ
Total no. of cook zones,Общее количество зон приготовления,Խոհարարության գոտիների ընդհանուր քանակ
Total no. of door glasses,Общее количество стёкол в дверце,Դռան ապակիների ընդհանուր քանակ
Total storage volume,Общий полезный объём хранения,Պահեստավորման ընդհանուր ծավալ
Touch guide,Сенсорное управление,Սենսորային ուղեցույց
Transparent door,Прозрачная дверца,Թափանցիկ դուռ
Trays,Подносы,Սկուտեղներ
Trigger colour,Цвет курка,Ձգանի գույնը
Tub material,Материал бака,Բաքի նյութ
Tube reduction,Редукция трубки,Խողովակի կրճատում
Turbidity sensor Aquatest,Датчик мутности Aquatest,Պղտորության սենսոր Aquatest
Turbo Function,Функция Turbo,Turbo գործառույթ
Turbo function,Функция Turbo,Turbo գործառույթ
Turntable,Поворотный стол,Պտտվող սեղան
Turntable dimension,Размер поворотного стола,Պտտվող սեղանի չափը
Turntable dimensions,Размеры поворотного стола,Պտտվող սեղանի չափերը
Type,Тип,Տեսակ
Type of clips,Тип клипс,Կցորդների տեսակը
Type of compressor,Тип компрессора,Կոմպրեսորի տեսակը
Type of connection,Тип подключения,Միացման տեսակը
Type of control knobs,Тип ручек управления,Կառավարման կոճակների տեսակը
Type of control setting,Тип настройки управления,Կառավարման կարգավորման տեսակը
Type of control setting hob,Тип настройки управления варочной панели,Վառարանի կառավարման կարգավորման տեսակը
Type of controls,Тип органов управления,Կառավարման տարրերի տեսակը
Type of cooling gas,Тип охлаждающего газа,Սառեցնող գազի տեսակը
Type of crisper/vegetable drawers cover,Тип крышки контейнера для овощей,Բանջարեղենի դարակի կափարիչի տեսակը
Type of electric cable installed,Тип установленного электрического кабеля,Տեղադրված էլեկտրական մալուխի տեսակը
Type of electric cable supplied,Тип поставляемого электрического кабеля,Մատակարարվող էլեկտրական մալուխի տեսակը
Type of gas burners,Тип газовых горелок,Գազի այրիչների տեսակը
Type of internal light,Тип внутренней подсветки,Ներքին լուսավորության տեսակը
Type of internal light (freezer),Тип внутренней подсветки (морозильная камера),Ներքին լուսավորության տեսակը (սառցախցիկ)
Type of internal light (fridge),Тип внутренней подсветки (холодильник),Ներքին լուսավորության տեսակը (սառնարան)
Type of logo,Тип логотипа,Լոգոտիպի տեսակը
Type of main oven,Тип основной духовки,Հիմնական ջեռոցի տեսակը
Type of motor,Тип двигателя,Շարժիչի տեսակը
Type of packaging,Тип упаковки,Փաթեթավորման տեսակը
Type of pan stands,Тип подставок для посуды,Թավայի հենարանների տեսակը
Type of second oven,Тип второй духовки,Երկրորդ ջեռոցի տեսակը
Type of shelves,Тип полок,Դարակների տեսակը
Type of steel,Тип стали,Պողպատի տեսակը
Type of temperature control,Тип регулировки температуры,Ջերմաստիճանի կառավարման տեսակը
UK PSTI support period end date,Дата окончания периода поддержки UK PSTI,Մեծ Բրիտանիայի PSTI աջակցության ժամկետի ավարտի ամսաթիվ
USB-C Cable colour,Цвет кабеля USB-C,USB-C մալուխի գույնը
USB_C cable length,Длина кабеля USB-C,USB-C մալուխի երկարությունը
Ultra Express,Ультра-экспресс,Ուլտրա-էքսպրես
Ultra rapid,Ультра-быстрый,Ուլտրա-արագ
Undermount cutout radius,Радиус выреза под нижний монтаж,Ստորին տեղադրման կտրվածքի շառավիղ
Unit measurement function,Функция единиц измерения,Միավորների չափման գործառույթ
Upper Basket,Верхняя корзина,Վերին զամբյուղ
Upper base finishing,Верхняя отделка основания,Վերին հիմքի հարդարում
Upper base material,Материал верхнего основания,Վերին հիմքի նյութ
Upper basket with EasyGlide System,Верхняя корзина с системой EasyGlide,Վերին զամբյուղ EasyGlide համակարգով
Upper grip colour,Цвет верхней рукоятки,Վերին բռնակի գույնը
Upper grip material,Материал верхней рукоятки,Վերին բռնակի նյութ
Upper heating element - Power,Верхний нагревательный элемент - Мощность,Վերին ջեռուցման տարր - Հզորություն
Upper panel finishing,Верхняя отделка панели,Վերին վահանակի հարդարում
Upper panel material,Материал верхней панели,Վերին վահանակի նյութ
Upstand,Бортик,Ելուստ
User-replaceable light,Заменяемая пользователем подсветка,Օգտատիրոջ կողմից փոխարինվող լուսավորություն
Utility knife,Универсальный нож,Օգտակար դանակ
V-Condense System,Система V-Condense,V-Condense համակարգ
V-Condense System PRO,Система V-Condense PRO,V-Condense PRO համակարգ
Vapor Clean,Паровая очистка,Գոլորշու մաքրում
Variable speed,Переменная скорость,Փոփոխական արագություն
Vegetable knife,Овощной нож,Բանջարեղենի դանակ
Vent outlet,Выход вентиляции,Օդափոխության ելք
Vitality system,Система Vitality,Կենսունակության համակարգ
Voltage,Напряжение,Լարում
Voltage (V),Напряжение (В),Լարում (Վ)
Voltage 2 (V),Напряжение 2 (В),Լարում 2 (Վ)
Volume,Объём,Ծավալ
WIRE WHISK,ВЕНЧИК,ՀԱՐԻՉ
Warm function,Функция подогрева,Տաքացման գործառույթ
Warm insulation,Теплоизоляция,Ջերմամեկուսացում
Warming functions,Функции подогрева,Տաքացման գործառույթներ
Warming level adjustment,Регулировка уровня подогрева,Տաքացման մակարդակի կարգավորում
Wash and dry cycle duration (Rated capacity),Длительность цикла стирки и сушки (номинальная загрузка),Լվացքի և չորացման ցիկլի տևողություն (գնահատված հզորություն)
Washing Temperature,Температура стирки,Լվացքի ջերմաստիճան
Washing system,Система стирки,Լվացքի համակարգ
Washing temperatures,Температуры стирки,Լվացքի ջերմաստիճաններ
Water Container Capacity,Вместимость контейнера для воды,Ջրի տարայի հզորություն
Water condenser position,Положение водяного конденсатора,Ջրի կոնդենսատորի դիրքը
Water consumption (Complete cycle),Расход воды (полный цикл),Ջրի սպառում (ամբողջական ցիկլ)
Water consumption (Washing cycle),Расход воды (цикл стирки),Ջրի սպառում (լվացման ցիկլ)
Water consumption [per cycle, eco 40-60 programme],Расход воды [за цикл, программа eco 40-60],Ջրի սպառում [մեկ ցիկլով, eco 40-60 ծրագիր]
Water consumption [per cycle],Расход воды [за цикл],Ջրի սպառում [մեկ ցիկլով]
Water depuration filter,Фильтр очистки воды,Ջրի մաքրման ֆիլտր
Water depuration filter type,Тип фильтра очистки воды,Ջրի մաքրման ֆիլտրի տեսակը
Water hardness test strip,Тест-полоска жёсткости воды,Ջրի կարծրության թեստ-շերտ
Water level indicator,Индикатор уровня воды,Ջրի մակարդակի ցուցիչ
Water loading,Загрузка воды,Ջրի լիցքավորում
Water production (l/min),Производительность воды (л/мин),Ջրի արտադրություն (լ/ր)
Water softener,Смягчитель воды,Ջրի փափկեցուցիչ
Water supply,Водоснабжение,Ջրամատակարարում
Weighing unit,Единица взвешивания,Կշռման միավոր
Weighted energy consumption [per 100 cycles, (Complete cycle)],Средневзвешенное энергопотребление [на 100 циклов, (полный цикл)],Կշռված էներգիայի սպառում [100 ցիկլով, (ամբողջական ցիկլ)]
Weighted energy consumption [per 100 cycles, (Washing cycle)],Средневзвешенное энергопотребление [на 100 циклов, (цикл стирки)],Կշռված էներգիայի սպառում [100 ցիկլով, (լվացման ցիկլ)]
Weighted energy consumption [per 100 cycles, eco 40-60 programme],Средневзвешенное энергопотребление [на 100 циклов, программа eco 40-60],Կշռված էներգիայի սպառում [100 ցիկլով, eco 40-60 ծրագիր]
Weighted energy consumption in kWh per drying cycle,Средневзвешенное энергопотребление в кВтч за цикл сушки,Կշռված էներգիայի սպառում կՎտժ-ով մեկ չորացման ցիկլով
Whipped Cream min,Мин. взбитых сливок,Նվազագույն հարած սերուցք
Whipped cream max,Макс. взбитых сливок,Առավելագույն հարած սերուցք
White Menu,Белое меню,Սպիտակ մենյու
Wide baking tray,Широкий противень,Լայն թխման սկուտեղ
Widht of the packed product (in),Ширина упакованного продукта (дюймы),Փաթեթավորված արտադրանքի լայնություն (դյույմ)
Width,Ширина,Լայնություն
Width (mm),Ширина (мм),Լայնություն (մմ)
Width (mm) packaged,Ширина упаковки (мм),Փաթեթավորման լայնություն (մմ)
Width of the built-in niche,Ширина ниши для встраивания,Ներկառուցման խորշի լայնություն
Width packaged,Ширина упаковки,Փաթեթավորման լայնություն
Window color,Цвет окна,Պատուհանի գույնը
Window material,Материал окна,Պատուհանի նյութ
Wire whisk,Венчик,Հարիչ
Wire whisk adaptor color,Цвет адаптера венчика,Հարիչի ադապտերի գույնը
Wire whisk color,Цвет венчика,Հարիչի գույնը
Wire whisk dimensions,Размеры венчика,Հարիչի չափերը
Wire whisk material,Материал венчика,Հարիչի նյութ
Wire whisk net weight,Вес венчика нетто,Հարիչի զուտ քաշը
Wok stand,Подставка для вока,Վոկի հենարան
Working temperature,Рабочая температура,Աշխատանքային ջերմաստիճան
Worktop Cut-Out,Вырез в столешнице,Սեղանի կտրվածք
pan detection,Обнаружение посуды,Թավայի հայտնաբերում