value_en,value_ru,value_hy
'Glassy' ceramic,Стеклокерамика 'Glassy','Glassy' կերամիկա
(C) Eurospina,(C) Eurospina,(C) Eurospina
(F;E) Schuko,(F;E) Schuko,(F;E) Schuko
(G) UK e Singapore,(G) Великобритания и Сингапур,(G) Միացյալ Թագավորություն և Սինգապուր
(I) Australia,(I) Австралия,(I) Ավստրալիա
(max. 300 g flour/ min. 55% hydration),(макс. 300 г муки/ мин. 55% гидратация),(առավելագույնը 300 գ ալյուր/ նվազագույնը 55% խոնավություն)
0 min,0 мин,0 րոպե
"0,5 bar","0,5 бар","0,5 բար"
0.0 lux/W,0.0 люкс/Вт,0.0 լյուքս/Վտ
0.44 kWh,0.44 кВтч,0.44 կՎտժ
0.51 kWh,0.51 кВтч,0.51 կՎտժ
0.60 kWh,0.60 кВтч,0.60 կՎտժ
0.68 kWh,0.68 кВтч,0.68 կՎտժ
0.71 kWh,0.71 кВтч,0.71 կՎտժ
0.73 kWh,0.73 кВтч,0.73 կՎտժ
0.74 kWh,0.74 кВтч,0.74 կՎտժ
0.77 kWh,0.77 кВтч,0.77 կՎտժ
0.78 kWh,0.78 кВтч,0.78 կՎտժ
0.8 lt / 3 cups,0.8 л / 3 чашки,0.8 լ / 3 բաժակ
0.80 kWh,0.80 кВтч,0.80 կՎտժ
0.81 kWh,0.81 кВтч,0.81 կՎտժ
0.82 kWh,0.82 кВтч,0.82 կՎտժ
0.83 kWh,0.83 кВтч,0.83 կՎտժ
0.84 kWh,0.84 кВтч,0.84 կՎտժ
0.90 kWh,0.90 кВтч,0.90 կՎտժ
0.95 kWh,0.95 кВтч,0.95 կՎտժ
0.96 kWh,0.96 кВтч,0.96 կՎտժ
0.98 kWh,0.98 кВтч,0.98 կՎտժ
0.99 kWh,0.99 кВтч,0.99 կՎտժ
1 - Refrigerator with one or more fresh-food storage compartments,1 - Холодильник с одним или несколькими отделениями для свежих продуктов,1 - Սառնարան մեկ կամ ավելի թարմ սննդի պահեստավորման խցիկներով
1 Tap hole,1 отверстие под кран,1 ծորակի անցք
1 bar,1 бар,1 բար
1 ice box,1 контейнер для льда,1 սառույցի տուփ
1 min,1 мин,1 րոպե
"1,8 Lt/ 60 Oz/ 7 Cups","1,8 л/ 60 унций/ 7 чашек","1,8 լ/ 60 ունցիա/ 7 բաժակ"
1.09 kWh,1.09 кВтч,1.09 կՎտժ
1.12 kWh,1.12 кВтч,1.12 կՎտժ
1.13 kWh,1.13 кВтч,1.13 կՎտժ
1.15 kWh,1.15 кВтч,1.15 կՎտժ
1.21 kWh,1.21 кВтч,1.21 կՎտժ
1.24 kWh,1.24 кВтч,1.24 կՎտժ
1.25 kWh,1.25 кВтч,1.25 կՎտժ
1.29 kWh,1.29 кВтч,1.29 կՎտժ
1.35 kWh,1.35 кВтч,1.35 կՎտժ
1.39 kWh,1.39 кВтч,1.39 կՎտժ
1.52 kWh,1.52 кВтч,1.52 կՎտժ
1.7 lt / 7 cups,1.7 л / 7 чашек,1.7 լ / 7 բաժակ
1.8 kg total dough (max. 1.2 kg flour),1.8 кг общего теста (макс. 1.2 кг муки),1.8 կգ ընդհանուր խմոր (առավելագույնը 1.2 կգ ալյուր)
1.9 kg total dough (max. 1.2 kg flour/ min. 55% hydration),1.9 кг общего теста (макс. 1.2 кг муки/ мин. 55% гидратация),1.9 կգ ընդհանուր խմոր (առավելագույնը 1.2 կգ ալյուր/ նվազագույնը 55% խոնավություն)
10 bar,10 бар,10 բար
10 min,10 мин,10 րոպե
10 min/20min/30min,10 мин/20 мин/30 мин,10 րոպե/20 րոպե/30 րոպե
10.5 litres,10.5 литров,10.5 լիտր
100 kWh/a,100 кВтч/год,100 կՎտժ/տարի
100 lux,100 люкс,100 լյուքս
100.2 lux/W,100.2 люкс/Вт,100.2 լյուքս/Վտ
102.3 lux/W,102.3 люкс/Вт,102.3 լյուքս/Վտ
103 kWh/a,103 кВтч/год,103 կՎտժ/տարի
104 kWh/a,104 кВтч/год,104 կՎտժ/տարի
106 kWh/a,106 кВтч/год,106 կՎտժ/տարի
108 min,108 мин,108 րոպե
11 lux/W,11 люкс/Вт,11 լյուքս/Վտ
110 min,110 мин,110 րոպե
111.8 lux/W,111.8 люкс/Вт,111.8 լյուքս/Վտ
114 kWh/a,114 кВтч/год,114 կՎտժ/տարի
115 kWh/a,115 кВтч/год,115 կՎտժ/տարի
115 min,115 мин,115 րոպե
118.2 lux/W,118.2 люкс/Вт,118.2 լյուքս/Վտ
118.5 lux/W,118.5 люкс/Вт,118.5 լյուքս/Վտ
118.6 lux/W,118.6 люкс/Вт,118.6 լյուքս/Վտ
12 hours,12 часов,12 ժամ
12.0 litres,12.0 литров,12.0 լիտր
12.1 lux/W,12.1 люкс/Вт,12.1 լյուքս/Վտ
120 min,120 мин,120 րոպե
1200 giri/min,1200 об/мин,1200 պտույտ/րոպե
121 kWh/a,121 кВтч/год,121 կՎտժ/տարի
121 lux,121 люкс,121 լյուքս
125 min,125 мин,125 րոպե
127 kWh/a,127 кВтч/год,127 կՎտժ/տարի
128.6 lux/W,128.6 люкс/Вт,128.6 լյուքս/Վտ
13 lux/W,13 люкс/Вт,13 լյուքս/Վտ
130 lux,130 люкс,130 լյուքս
130 min,130 мин,130 րոպե
133 lux,133 люкс,133 լյուքս
135 kWh/a,135 кВтч/год,135 կՎտժ/տարի
137 kWh/a,137 кВтч/год,137 կՎտժ/տարի
139 lux,139 люкс,139 լյուքս
140 kWh/a,140 кВтч/год,140 կՎտժ/տարի
1400 giri/min,1400 об/мин,1400 պտույտ/րոպե
142 lux,142 люкс,142 լյուքս
143 lux,143 люкс,143 լյուքս
145 kWh/a,145 кВтч/год,145 կՎտժ/տարի
145 lux,145 люкс,145 լյուքս
146 kWh/a,146 кВтч/год,146 կՎտժ/տարի
146 lux,146 люкс,146 լյուքս
14850 giri/min,14850 об/мин,14850 պտույտ/րոպե
15 bar,15 бар,15 բար
15 min,15 мин,15 րոպե
150 lux,150 люкс,150 լյուքս
153 lux,153 люкс,153 լյուքս
156 lux,156 люкс,156 լյուքս
157 lux,157 люкс,157 լյուքս
158 kWh/a,158 кВтч/год,158 կՎտժ/տարի
158 lux,158 люкс,158 լյուքս
16 lux/W,16 люкс/Вт,16 լյուքս/Վտ
16.1 lux/W,16.1 люкс/Вт,16.1 լյուքս/Վտ
160 kWh/a,160 кВтч/год,160 կՎտժ/տարի
164 lux,164 люкс,164 լյուքս
166 lux,166 люкс,166 լյուքս
168 kWh/a,168 кВтч/год,168 կՎտժ/տարի
169 lux,169 люкс,169 լյուքս
17 lux/W,17 люкс/Вт,17 լյուքս/Վտ
170 lux,170 люкс,170 լյուքս
172 lux,172 люкс,172 լյուքս
173 kWh/a,173 кВтч/год,173 կՎտժ/տարի
174 min,174 мин,174 րոպե
175 lux,175 люкс,175 լյուքս
176 kWh/a,176 кВтч/год,176 կՎտժ/տարի
177 kWh/a,177 кВтч/год,177 կՎտժ/տարի
178 kWh/a,178 кВтч/год,178 կՎտժ/տարի
178 lux,178 люкс,178 լյուքս
181 lux,181 люкс,181 լյուքս
183 lux,183 люкс,183 լյուքս
184 lux,184 люкс,184 լյուքս
186 kWh/a,186 кВтч/год,186 կՎտժ/տարի
189 kWh/a,189 кВтч/год,189 կՎտժ/տարի
189 min,189 мин,189 րոպե
190 min,190 мин,190 րոպե
193 lux,193 люкс,193 լյուքս
194 kWh/a,194 кВтч/год,194 կՎտժ/տարի
195 lux,195 люкс,195 լյուքս
195 min,195 мин,195 րոպե
196 lux,196 люкс,196 լյուքս
198 x 310 (325 with ball lever included) x 195 mm,198 x 310 (325 с шариковым рычагом) x 195 мм,198 x 310 (325 գնդաձև լծակով) x 195 մմ
"2 - Refrigerator-cellar, Cellar and Wine storage appliances","2 - Холодильник-погреб, Погреб и приборы для хранения вина","2 - Սառնարան-մառան, Մառան և գինու պահեստավորման սարքեր"
2 Doors & 2 Drawers,2 двери и 2 ящика,2 դուռ և 2 դարակ
2 Front,2 спереди,2 առջևի
2 Front + 2 Rear,2 спереди + 2 сзади,2 առջևի + 2 հետևի
2 Tapholes,2 отверстия под кран,2 ծորակի անցք
2 levels (Light or Intense),2 уровня (лёгкий или интенсивный),2 մակարդակ (թեթև կամ ինտենսիվ)
2 min,2 мин,2 րոպե
2 sets,2 комплекта,2 հավաքածու
"2 sliders, Egg tray","2 ползунка, лоток для яиц","2 սահիչ, ձվի տարա"
"2,3 lt / 10 cups","2,3 л / 10 чашек","2,3 լ / 10 բաժակ"
"2,6 kg (max. 1 kg flour)","2,6 кг (макс. 1 кг муки)","2,6 կգ (առավելագույնը 1 կգ ալյուր)"
"2,8 kg (max. 1 kg flour)","2,8 кг (макс. 1 кг муки)","2,8 կգ (առավելագույնը 1 կգ ալյուր)"
2-Piece sandwich racks,Решётки для бутербродов из 2 частей,2-մասանոց սենդվիչի դարակներ
2.1 kg total dough (max. 1.3 kg flour/ min. 55% hydration),2.1 кг общего теста (макс. 1.3 кг муки/ мин. 55% гидратация),2.1 կգ ընդհանուր խմոր (առավելագույնը 1.3 կգ ալյուր/ նվազագույնը 55% խոնավություն)
20 min,20 мин,20 րոպե
20.0 lux/W,20.0 люкс/Вт,20.0 լյուքս/Վտ
20.1 lux/W,20.1 люкс/Вт,20.1 լյուքս/Վտ
20.3 lux/W,20.3 люкс/Вт,20.3 լյուքս/Վտ
200 lux,200 люкс,200 լյուքս
200 x 300 (320 with ball lever incl.) x 330 mm,200 x 300 (320 с шариковым рычагом) x 330 мм,200 x 300 (320 գնդաձև լծակով) x 330 մմ
20000 giri/min,20000 об/мин,20000 պտույտ/րոպե
208 kWh/a,208 кВтч/год,208 կՎտժ/տարի
209 lux,209 люкс,209 լյուքս
209 min,209 мин,209 րոպե
21.1 lux/W,21.1 люкс/Вт,21.1 լյուքս/Վտ
215 min,215 мин,215 րոպե
215 x 394 (410 with ball lever included) x 208 mm,215 x 394 (410 с шариковым рычагом) x 208 мм,215 x 394 (410 գնդաձև լծակով) x 208 մմ
220 min,220 мин,220 րոպե
22000 giri/min,22000 об/мин,22000 պտույտ/րոպե
221 lux,221 люкс,221 լյուքս
225 lux,225 люкс,225 լյուքս
229 min,229 мин,229 րոպե
23.5 lux/W,23.5 люкс/Вт,23.5 լյուքս/Վտ
230 kWh/a,230 кВтч/год,230 կՎտժ/տարի
233 kWh/a,233 кВтч/год,233 կՎտժ/տարի
236 kWh/a,236 кВтч/год,236 կՎտժ/տարի
237 lux,237 люкс,237 լյուքս
24 hours,24 часа,24 ժամ
24 months,24 месяца,24 ամիս
244 kWh/a,244 кВтч/год,244 կՎտժ/տարի
245 lux,245 люкс,245 լյուքս
246 kWh/a,246 кВтч/год,246 կՎտժ/տարի
246 lux,246 люкс,246 լյուքս
249 kWh/a,249 кВтч/год,249 կՎտժ/տարի
25.9 lux/W,25.9 люкс/Вт,25.9 լյուքս/Վտ
250 kWh/a,250 кВтч/год,250 կՎտժ/տարի
255 kWh/a,255 кВтч/год,255 կՎտժ/տարի
26.6 lux/W,26.6 люкс/Вт,26.6 լյուքս/Վտ
260 lux,260 люкс,260 լյուքս
261 lux,261 люкс,261 լյուքս
263 lux,263 люкс,263 լյուքս
264 kWh,264 кВтч,264 կՎտժ
265 kWh/a,265 кВтч/год,265 կՎտժ/տարի
266 kWh,266 кВтч,266 կՎտժ
277 kWh/a,277 кВтч/год,277 կՎտժ/տարի
279 kWh,279 кВтч,279 կՎտժ
28.2 lux/W,28.2 люкс/Вт,28.2 լյուքս/Վտ
283 lux,283 люкс,283 լյուքս
287 kWh/a,287 кВтч/год,287 կՎտժ/տարի
29 kWh/a,29 кВтч/год,29 կՎտժ/տարի
29 lux/W,29 люкс/Вт,29 լյուքս/Վտ
296 kWh/a,296 кВтч/год,296 կՎտժ/տարի
298 lux,298 люкс,298 լյուքս
2:50 h:min,2:50 ч:мин,2:50 ժ:րոպե
3 + manual,3 + ручная,3 + ձեռքով
3 Buttons + Trigger,3 кнопки + курок,3 կոճակ + ձգան
3 bar,3 бар,3 բար
3 hours,3 часа,3 ժամ
3 min,3 мин,3 րոպե
"3, Flexi","3, Flexi","3, Flexi"
"3, FlexiDuo","3, FlexiDuo","3, FlexiDuo"
"3, FlexiDuo with Easy Glide","3, FlexiDuo с Easy Glide","3, FlexiDuo Easy Glide-ով"
3-6-9 hours,3-6-9 часов,3-6-9 ժամ
"3.5"" Steel cover","Крышка из стали 3.5""","3.5"" պողպատե ծածկ"
300 lux,300 люкс,300 լյուքս
302 kWh/a,302 кВтч/год,302 կՎտժ/տարի
302 lux,302 люкс,302 լյուքս
303 lux,303 люкс,303 լյուքս
304 lux,304 люкс,304 լյուքս
305 kWh/a,305 кВтч/год,305 կՎտժ/տարի
306 kWh,306 кВтч,306 կՎտժ
31.1 lux/W,31.1 люкс/Вт,31.1 լյուքս/Վտ
31.7 lux/W,31.7 люкс/Вт,31.7 լյուքս/Վտ
312 lux,312 люкс,312 լյուքս
315 lux,315 люкс,315 լյուքս
326 kWh/a,326 кВтч/год,326 կՎտժ/տարի
329 lux,329 люкс,329 լյուքս
33 lux/W,33 люкс/Вт,33 լյուքս/Վտ
330 g (jug) 85 g (lid),330 г (кувшин) 85 г (крышка),330 գ (սափոր) 85 գ (կափարիչ)
338 kWh/a,338 кВтч/год,338 կՎտժ/տարի
34.8 lux/W,34.8 люкс/Вт,34.8 լյուքս/Վտ
348 lux,348 люкс,348 լյուքս
35.5 lux/W,35.5 люкс/Вт,35.5 լյուքս/Վտ
36 dBA,36 дБА,36 դԲԱ
36 hours,36 часов,36 ժամ
36 kWh/a,36 кВтч/год,36 կՎտժ/տարի
361 lux,361 люкс,361 լյուքս
37 dBA,37 дБА,37 դԲԱ
37 kWh/a,37 кВтч/год,37 կՎտժ/տարի
37.0 lux/W,37.0 люкс/Вт,37.0 լյուքս/Վտ
370 lux,370 люкс,370 լյուքս
378 (490 with head up) x 402 x 221 mm,378 (490 с поднятой головкой) x 402 x 221 мм,378 (490 բարձրացված գլխով) x 402 x 221 մմ
38.0 lux/W,38.0 люкс/Вт,38.0 լյուքս/Վտ
381 lux,381 люкс,381 լյուքս
39 dBA,39 дБА,39 դԲԱ
39 kWh/a,39 кВтч/год,39 կՎտժ/տարի
39.3 lux/W,39.3 люкс/Вт,39.3 լյուքս/Վտ
390 lux,390 люкс,390 լյուքս
3:38 h:min,3:38 ч:мин,3:38 ժ:րոպե
3:48 h:min,3:48 ч:мин,3:48 ժ:րոպե
3:58 h:min,3:58 ч:мин,3:58 ժ:րոպե
4 Doors,4 двери,4 դուռ
"4 accessories set, Black version, Beaker, Chopper, Whisk, Masher","Набор из 4 аксессуаров, черная версия, мензурка, измельчитель, венчик, толкушка","4 աքսեսուարների հավաքածու, սև տարբերակ, բաժակ, կտրիչ, հարիչ, ճզմիչ"
"4 accessories set, Cream version, Beaker, Chopper, Whisk, Masher","Набор из 4 аксессуаров, кремовая версия, мензурка, измельчитель, венчик, толкушка","4 աքսեսուարների հավաքածու, կրեմի տարբերակ, բաժակ, կտրիչ, հարիչ, ճզմիչ"
"4 accessories set, Pastel blue version, Beaker, Chopper, Whisk, Masher","Набор из 4 аксессуаров, пастельно-голубая версия, мензурка, измельчитель, венчик, толкушка","4 աքսեսուարների հավաքածու, բաց կապույտ տարբերակ, բաժակ, կտրիչ, հարիչ, ճզմիչ"
"4 accessories set, Red version, Beaker, Chopper, Whisk, Masher","Набор из 4 аксессуаров, красная версия, мензурка, измельчитель, венчик, толкушка","4 աքսեսուարների հավաքածու, կարմիր տարբերակ, բաժակ, կտրիչ, հարիչ, ճզմիչ"
40 dBA,40 дБА,40 դԲԱ
40 kWh/a,40 кВтч/год,40 կՎտժ/տարի
40 min,40 мин,40 րոպե
40 sec,40 сек,40 վրկ
406 kWh/a,406 кВтч/год,406 կՎտժ/տարի
41 kWh/a,41 кВтч/год,41 կՎտժ/տարի
42 dBA,42 дБА,42 դԲԱ
42 kWh/a,42 кВтч/год,42 կՎտժ/տարի
42.6 lux/W,42.6 люкс/Вт,42.6 լյուքս/Վտ
43 dBA,43 дБА,43 դԲԱ
43 kWh/a,43 кВтч/год,43 կՎտժ/տարի
44 dBA,44 дБА,44 դԲԱ
44 kWh/a,44 кВтч/год,44 կՎտժ/տարի
44 litre,44 литра,44 լիտր
44 litres,44 литра,44 լիտր
44.1 lux/W,44.1 люкс/Вт,44.1 լյուքս/Վտ
45 dBA,45 дБА,45 դԲԱ
45 kWh/a,45 кВтч/год,45 կՎտժ/տարի
45 sec,45 сек,45 վրկ
46 dBA,46 дБА,46 դԲԱ
46 kWh/a,46 кВтч/год,46 կՎտժ/տարի
46 litre,46 литров,46 լիտր
47 dBA,47 дБА,47 դԲԱ
47 kWh,47 кВтч,47 կՎտժ
47 kWh/a,47 кВтч/год,47 կՎտժ/տարի
47 litres,47 литров,47 լիտր
"478 g (with lid, blades, anti-slip base)","478 г (с крышкой, лезвиями, противоскользящим основанием)","478 գ (կափարիչով, շեղբերով, հակասայթաքման հիմքով)"
48 dBA,48 дБА,48 դԲԱ
48 kWh/a,48 кВтч/год,48 կՎտժ/տարի
49 dBA,49 дБА,49 դԲԱ
49 kWh/a,49 кВтч/год,49 կՎտժ/տարի
4:00 h:min,4:00 ч:мин,4:00 ժ:րոպե
4:10 h:min,4:10 ч:мин,4:10 ժ:րոպե
4:25 h:min,4:25 ч:мин,4:25 ժ:րոպե
4:35 h:min,4:35 ч:мин,4:35 ժ:րոպե
4:40 h:min,4:40 ч:мин,4:40 ժ:րոպե
5 bar,5 бар,5 բար
50 dBA,50 дБА,50 դԲԱ
50 kWh/a,50 кВтч/год,50 կՎտժ/տարի
50's Style,Стиль 50-х,50-ականների ոճ
50's style,Стиль 50-х,50-ականների ոճ
50's style door panel,Дверная панель в стиле 50-х,50-ականների ոճի դռան վահանակ
51 dBA,51 дБА,51 դԲԱ
51 kWh,51 кВтч,51 կՎտժ
51 litres,51 литр,51 լիտր
52 dBA,52 дБА,52 դԲԱ
52 kWh/a,52 кВтч/год,52 կՎտժ/տարի
52 litre,52 литра,52 լիտր
52 lux/W,52 люкс/Вт,52 լյուքս/Վտ
53 dBA,53 дБА,53 դԲԱ
53 kWh,53 кВтч,53 կՎտժ
53 kWh/a,53 кВтч/год,53 կՎտժ/տարի
54 dBA,54 дБА,54 դԲԱ
54 kWh,54 кВтч,54 կՎտժ
54 kWh/a,54 кВтч/год,54 կՎտժ/տարի
55 dBA,55 дБА,55 դԲԱ
55 kWh/a,55 кВтч/год,55 կՎտժ/տարի
56 kWh/a,56 кВтч/год,56 կՎտժ/տարի
57 dBA,57 дБА,57 դԲԱ
57 kWh/a,57 кВтч/год,57 կՎտժ/տարի
58 dBA,58 дБА,58 դԲԱ
58 kWh/a,58 кВтч/год,58 կՎտժ/տարի
58.8 lux/W,58.8 люкс/Вт,58.8 լյուքս/Վտ
59 dBA,59 дБА,59 դԲԱ
59 kWh/a,59 кВтч/год,59 կՎտժ/տարի
59 lux/W,59 люкс/Вт,59 լյուքս/Վտ
59.8 lux/W,59.8 люкс/Вт,59.8 լյուքս/Վտ
5:30 h:min,5:30 ч:мин,5:30 ժ:րոպե
60 dBA,60 дБА,60 դԲԱ
60 kWh/a,60 кВтч/год,60 կՎտժ/տարի
60.0 lux/W,60.0 люкс/Вт,60.0 լյուքս/Վտ
60.8 lux/W,60.8 люкс/Вт,60.8 լյուքս/Վտ
600 ml / 2.5 cup,600 мл / 2.5 чашки,600 մլ / 2.5 բաժակ
61 dBA,61 дБА,61 դԲԱ
62 dBA,62 дБА,62 դԲԱ
62 kWh/a,62 кВтч/год,62 կՎտժ/տարի
63 dBA,63 дБА,63 դԲԱ
63 kWh,63 кВтч,63 կՎտժ
63 kWh/a,63 кВтч/год,63 կՎտժ/տարի
63 litre,63 литра,63 լիտր
64 dBA,64 дБА,64 դԲԱ
64 kWh,64 кВтч,64 կՎտժ
64 kWh/a,64 кВтч/год,64 կՎտժ/տարի
65 dBA,65 дБА,65 դԲԱ
65 litre,65 литров,65 լիտր
65.0 lux/W,65.0 люкс/Вт,65.0 լյուքս/Վտ
66 dBA,66 дБА,66 դԲԱ
66 kWh/a,66 кВтч/год,66 կՎտժ/տարի
67 dBA,67 дБА,67 դԲԱ
67 kWh,67 кВтч,67 կՎտժ
68 dBA,68 дБА,68 դԲԱ
68 kWh,68 кВтч,68 կՎտժ
68 litre,68 литров,68 լիտր
68 lux/W,68 люкс/Вт,68 լյուքս/Վտ
68.2 lux/W,68.2 люкс/Вт,68.2 լյուքս/Վտ
68.5 lux/W,68.5 люкс/Вт,68.5 լյուքս/Վտ
68.6 lux/W,68.6 люкс/Вт,68.6 լյուքս/Վտ
69 dBA,69 дБА,69 դԲԱ
7 - Refrigerator-freezer,7 - Холодильник-морозильник,7 - Սառնարան-սառցախցիկ
7 digits LED,7-сегментный LED-дисплей,7 նիշ LED
7 segments,7 сегментов,7 սեգմենտ
70 dBA,70 дБА,70 դԲԱ
70 kWh,70 кВтч,70 կՎտժ
70 kWh/a,70 кВтч/год,70 կՎտժ/տարի
70 lux,70 люкс,70 լյուքս
70.4 lux/W,70.4 люкс/Вт,70.4 լյուքս/Վտ
70.9 lux/W,70.9 люкс/Вт,70.9 լյուքս/Վտ
71 dBA,71 дБА,71 դԲԱ
71 kWh/a,71 кВтч/год,71 կՎտժ/տարի
72 dBA,72 дБА,72 դԲԱ
72 kWh/a,72 кВтч/год,72 կՎտժ/տարի
73 dBA,73 дБА,73 դԲԱ
73 kWh,73 кВтч,73 կՎտժ
73 lux,73 люкс,73 լյուքս
74 lux/W,74 люкс/Вт,74 լյուքս/Վտ
74.2 lux/W,74.2 люкс/Вт,74.2 լյուքս/Վտ
74.3 lux/W,74.3 люкс/Вт,74.3 լյուքս/Վտ
74.8 lux/W,74.8 люкс/Вт,74.8 լյուքս/Վտ
75 kWh,75 кВтч,75 կՎտժ
75 kWh/a,75 кВтч/год,75 կՎտժ/տարի
75.0 lux/W,75.0 люкс/Вт,75.0 լյուքս/Վտ
75.5 lux/W,75.5 люкс/Вт,75.5 լյուքս/Վտ
76.1 lux/W,76.1 люкс/Вт,76.1 լյուքս/Վտ
76.8 lux/W,76.8 люкс/Вт,76.8 լյուքս/Վտ
77 kWh,77 кВтч,77 կՎտժ
77 kWh/a,77 кВтч/год,77 կՎտժ/տարի
77.0 lux/W,77.0 люкс/Вт,77.0 լյուքս/Վտ
78 kWh,78 кВтч,78 կՎտժ
78 kWh/a,78 кВтч/год,78 կՎտժ/տարի
78 lux,78 люкс,78 լյուքս
78.2 lux/W,78.2 люкс/Вт,78.2 լյուքս/Վտ
78.5 lux/W,78.5 люкс/Вт,78.5 լյուքս/Վտ
79 kWh/a,79 кВтч/год,79 կՎտժ/տարի
8.5 litres,8.5 литров,8.5 լիտր
800 g total batter (max. 500 g flour/ min. 55% hydration),800 г общего теста (макс. 500 г муки/ мин. 55% гидратация),800 գ ընդհանուր խմոր (առավելագույնը 500 գ ալյուր/ նվազագույնը 55% խոնավություն)
8150 giri/min,8150 об/мин,8150 պտույտ/րոպե
82 kWh/a,82 кВтч/год,82 կՎտժ/տարի
83.2 lux/W,83.2 люкс/Вт,83.2 լյուքս/Վտ
83.6 lux/W,83.6 люкс/Вт,83.6 լյուքս/Վտ
84 kWh,84 кВтч,84 կՎտժ
84.1 lux/W,84.1 люкс/Вт,84.1 լյուքս/Վտ
85 kWh,85 кВтч,85 կՎտժ
88.6 lux/W,88.6 люкс/Вт,88.6 լյուքս/Վտ
8:30 h:min,8:30 ч:мин,8:30 ժ:րոպե
9 lux/W,9 люкс/Вт,9 լյուքս/Վտ
9.0 litres,9.0 литров,9.0 լիտր
9.9 litres,9.9 литров,9.9 լիտր
90 lux,90 люкс,90 լյուքս
90.9 lux/W,90.9 люкс/Вт,90.9 լյուքս/Վտ
91 kWh/a,91 кВтч/год,91 կՎտժ/տարի
91 lux/W,91 люкс/Вт,91 լյուքս/Վտ
917 Salzburg Red,917 Зальцбург красный,917 Զալցբուրգ կարմիր
93 kWh/a,93 кВтч/год,93 կՎտժ/տարի
94 kWh,94 кВтч,94 կՎտժ
94 kWh/a,94 кВтч/год,94 կՎտժ/տարի
97 lux,97 люкс,97 լյուքս
98 kWh/a,98 кВтч/год,98 կՎտժ/տարի
9:30 h:min,9:30 ч:мин,9:30 ժ:րոպե
ABS Plastic,Пластик ABS,ABS պլաստիկ
AISI304,AISI304,AISI304
Acacia wood,Древесина акации,Ակացիայի փայտ
Accessories,Аксессуары,Աքսեսուարներ
"Accumulator, Ice cube tray","Аккумулятор, лоток для льда","Մարտկոց, սառույցի սկուտեղ"
Acoustic,Акустический,Ակուստիկ
Acoustic and visual,Акустический и визуальный,Ձայնային և տեսողական
Acoustic signal,Звуковой сигнал,Ձայնային ազդանշան
Activated carbon,Активированный уголь,Ակտիվացված ածխածին
Activated charcoal filter,Фильтр с активированным углем,Ակտիվացված ածխածնի ֆիլտր
ActiveLight,ActiveLight,ActiveLight
Adaptor,Адаптер,Ադապտեր
Additional container for ice cream maker accessory SMIC01,Дополнительный контейнер для аксессуара SMIC01 для мороженицы,Լրացուցիչ տարա SMIC01 պաղպաղակի արտադրիչի աքսեսուարի համար
Adhesive,Клей,Սոսինձ
Advanced full touch,Расширенное полное сенсорное управление,Ընդլայնված ամբողջական սենսորային
Advanced full touch & knobs,Расширенное полное сенсорное управление и ручки,Ընդլայնված ամբողջական սենսորային և կոճակներ
Alba,Alba,Alba
Alkaline-Manganese Dioxide (Zn/MnO2 ),Щелочно-марганцевый (Zn/MnO2),Ալկալային-մանգանային (Zn/MnO2)
All black special edition,Специальное издание полностью чёрное,Ամբողջովին սև հատուկ թողարկում
Alluminio,Алюминий,Ալյումին
Alluminio pressofuso,Литой алюминий,Ձուլածո ալյումին
Alluminium,Алюминий,Ալյումին
Altro,Другое,Այլ
Aluminium,Алюминий,Ալյումին
Aluminium with flexible silicone edge,Алюминий с гибким силиконовым краем,Ալյումին ճկուն սիլիկոնային եզրով
Aluminum,Алюминий,Ալյումին
Analog and digital,Аналоговый и цифровой,Անալոգային և թվային
Angled,Угловой,Անկյունային
Angled edge,Угловой край,Անկյունային եզր
Anthracite,Антрацит,Անտրացիտ
Anti-Odour filter,Фильтр против запахов,Հակահոտի ֆիլտր
"Antibacterial, Easy to clean, Anti-scratch , Termal schock resistant, High temperatures resistant, Impact resistant, UV Resistant","Антибактериальный, легко чистится, устойчив к царапинам, устойчив к термическому шоку, устойчив к высоким температурам, ударопрочный, устойчив к УФ-излучению","Հակաբակտերիալ, հեշտ մաքրվող, քերծվածքներից պաշտպանված, ջերմային շոկի դիմացկուն, բարձր ջերմաստիճանների դիմացկուն, հարվածների դիմացկուն, ուլտրամանուշակագույն ճառագայթների դիմացկուն"
Antifingerprint,Анти-отпечатки,Հակամատնահետք
Antique brass,Античная латунь,Հնաոճ արույր
Applied,Применяемый,Կիրառվող
AreaZone,AreaZone,AreaZone
At the top,Вверху,Վերևում
Aurora,Aurora,Aurora
Automatic,Автоматический,Ավտոմատ
Automatic end cooking,Автоматическое завершение приготовления,Խոհարարության ավտոմատ ավարտ
"Automatic for refrigerator, manual for freezer","Автоматическое для холодильной камеры, ручное для морозильной камеры","Ավտոմատ՝ սառնարանի համար, ձեռքով՝ սառցախցիկի համար"
Automatic pop-up,Автоматический всплывающий,Ավտոմատ բացվող
Automatic switch-off,Автоматическое выключение,Ավտոմատ անջատում
Automatic with water tank,Автоматический с водяным баком,Ավտոմատ ջրի բաքով
Azzurro,Голубой,Կապույտ
BBQ,Барбекю,Խորոված
BPA-free plastic,Пластик без BPA,Առանց BPA պլաստիկ
Backlit buttons,Кнопки с подсветкой,Լուսավորվող կոճակներ
Basket,Корзина,Զամբյուղ
Bevelled Front Edge,Скошенный передний край,Թեքված առջևի եզր
Bianco,Белый,Սպիտակ
Black,Черный,Սև
Black Ceram,Черная керамика,Սև կերամիկա
Black Matt,Черный матовый,Սև փայլատ
Black enamel,Черная эмаль,Սև էմալ
Black with Silver ring,Черный с серебряным кольцом,Սև արծաթե օղակով
Black with chrome ring,Черный с хромированным кольцом,Սև քրոմե օղակով
Black with matt black frame,Черный с матовой черной рамкой,Սև փայլատ սև շրջանակով
Black with stainless steel effect frame,Черный с рамкой под нержавеющую сталь,Սև չժանգոտվող պողպատի էֆեկտով շրջանակով
Black/Chrome,Черный/Хром,Սև/Քրոմ
Black/Silver,Черный/Серебряный,Սև/Արծաթագույն
Blast chiller,Шоковая заморозка,Շոկային սառեցում
Blender,Блендер,Բլենդեր
Blenders,Блендеры,Բլենդերներ
Blu Mediterraneo,Синий Средиземноморский,Կապույտ Միջերկրածովյան
Blue,Синий,Կապույտ
Bottle for soda maker SKC01,Бутылка для газировки SKC01,Շիշ SKC01 գազավորված ջրի արտադրիչի համար
Bottle holder,Держатель для бутылок,Շշերի պահարան
"Bottle holder, Egg tray","Держатель для бутылок, лоток для яиц","Շշերի պահարան, ձվի տարա"
"Bottle rack, Separatore lattine","Держатель для бутылок, разделитель банок","Շշերի դարակ, տարաների բաժանարար"
"Bottle, cap","Бутылка, крышка","Շիշ, կափարիչ"
"Bottles Cooling, Cooling, Deep Freezing, Pre-cooling, Preservation, Raw fish sanitizing","Охлаждение бутылок, охлаждение, глубокая заморозка, предварительное охлаждение, сохранение, санитарная обработка сырой рыбы","Շշերի սառեցում, սառեցում, խորը սառեցում, նախասառեցում, պահպանում, հում ձկան ախտահանում"
Bottom Mount,С нижней морозильной камерой,Ստորին տեղակայման
Brass,Латунь,Արույր
Brassed,Латунированный,Արույրապատ
Breakfast,Завтрак,Նախաճաշ
Bridge,Мост,Կամուրջ
Brown,Коричневый,Շագանակագույն
Brushed,Матовая,Խոզանակված
Brushed stainless steel,Матовая нержавеющая сталь,Խոզանակված չժանգոտվող պողպատ
Brushed with chromed edge,Матовая с хромированным краем,Խոզանակված քրոմապատ եզրով
Brushed with polished edge,Матовая с полированным краем,Խոզանակված փայլեցված եզրով
Brushless/Inverter,Бесщёточный/Инверторный,Անխոզանակ/Ինվերտորային
Buffle,Buffle,Buffle
Built-in,Встраиваемая,Ներկառուցվող
Bun Warmer,Подогреватель булочек,Բուլկիների տաքացուցիչ
Button,Кнопка,Կոճակ
"Button , Knob","Кнопка, ручка","Կոճակ, կարգավորիչ"
Buttons,Кнопки,Կոճակներ
"Buttons, Control knobs","Кнопки, ручки управления","Կոճակներ, կառավարման կոճակներ"
"Buttons, Knob","Кнопки, ручка","Կոճակներ, կարգավորիչ"
"Buttons, Lever","Кнопки, рычаг","Կոճակներ, լծակ"
Buttons; Lever,Кнопки; Рычаг,Կոճակներ; Լծակ
Carafe,Кувшин,Սափոր
Cardboard,Картон,Ստվարաթուղթ
Cardboard+supports,Картон + опоры,Ստվարաթուղթ + հենարաններ
Carrara White,Белый Каррара,Կարարայի սպիտակ
Cartone,Картон,Ստվարաթուղթ
Cast Iron,Чугун,Չուգուն
Cast iron,Чугун,Չուգուն
Catalytic,Каталитическая,Կատալիտիկ
Ceiling,Потолочная,Առաստաղի
Ceiling hood,Потолочная вытяжка,Առաստաղի արտածուծիչ
Cement / Concrete,Цемент/Бетон,Ցեմենտ/Բետոն
Central,Центральная,Կենտրոնական
Centrale sinistra,Центр слева,Կենտրոն ձախ
Centre of bowl,Центр чаши,Թասի կենտրոն
Centre-left,Центр-слева,Կենտրոն-ձախ
Centre-right,Центр-справа,Կենտրոն-աջ
Centrifugal,Центробежная,Կենտրոնախույս
Ceramic,Стеклокерамика,Կերամիկա
Ceramic - Double,Стеклокерамическая - Двойная,Կերամիկա - Կրկնակի
Ceramic - Extendable,Керамическая - Расширяемая,Կերամիկական - Երկարացվող
Ceramic - Single,Стеклокерамическая - Одиночная,Կերամիկա - Մեկ
Ceramic - double,Стеклокерамическая - двойная,Կերամիկա - կրկնակի
Ceramic - extendable,Керамическая - расширяемая,Կերամիկական - երկարացվող
Ceramic - single,Стеклокерамическая - одиночная,Կերամիկա - մեկ
Ceramic Eclipse,Керамика Eclipse,Կերամիկա Eclipse
Ceramic Filter,Керамический фильтр,Կերամիկական ֆիլտր
Ceramic Non Stick,Керамическое антипригарное,Կերամիկական չկպչող
Ceramic non-stick,Керамическое антипригарное,Կերամիկական չկպչող
Cercamic enamel,Керамическая эмаль,Կերամիկական էմալ
Champagne,Шампань,Շամպայն
Charcoal filter,Угольный фильтр,Ածխածնային ֆիլտր
Charcoal filter kit,Комплект угольного фильтра,Ածխածնային ֆիլտրի հավաքածու
"Cheese box, Egg tray","Контейнер для сыра, лоток для яиц","Պանրի տարա, ձվի տարա"
Child Lock,Блокировка от детей,Մանկական կողպեք
Chimney,Дымоходная,Ծխնելույզ
Chimney extension,Удлинитель дымохода,Ծխնելույզի երկարացում
Chimney set,Комплект дымохода,Ծխնելույզի հավաքածու
Chrome,Хром,Քրոմ
Chrome and black matt,Хром и чёрный матовый,Քրոմ և սև փայլատ
Chromed,Хромированный,Քրոմապատ
Classic,Классическая,Դասական
Classica,Классика,Դասական
Clear,Прозрачный,Թափանցիկ
Clock,Часы,Ժամացույց
"Clock setting, Clock format 12/24H, Unit measure temperature/weight, Acoustic signals ON/OFF, Brightness level, Turntable plate ON/OFF","Настройка часов, формат часов 12/24H, единицы измерения температуры/веса, звуковые сигналы ВКЛ/ВЫКЛ, уровень яркости, поворотный стол ВКЛ/ВЫКЛ","Ժամացույցի կարգավորում, ժամի ֆորմատ 12/24H, ջերմաստիճանի/քաշի չափման միավոր, ձայնային ազդանշաններ ՄԻԱՑՎԱԾ/ԱՆՋԱՏՎԱԾ, պայծառության մակարդակ, պտտվող սեղան ՄԻԱՑՎԱԾ/ԱՆՋԱՏՎԱԾ"
"Coating thickness , Eco-friendly, Easy to clean, Hypoallergenic","Толщина покрытия, экологичный, легко чистится, гипоаллергенный","Ծածկույթի հաստություն, էկոլոգիական, հեշտ մաքրվող, հիպոալերգեն"
Coffee,Кофе,Սուրճ
Coffee Machines,Кофемашины,Սուրճի մեքենաներ
Colander,Дуршлаг,Քամիչ
"Cold Wash, Anti-allergy, Stain-resistant, Shirts, Cotton, Eco 40-60, Wool/Hand wash, Mix, Duvet, Quick Wash 14 min, Refresh, Rinse, Drain + Spin, Self Clean, Synthetics","Холодная стирка, Антиаллергия, Против пятен, Рубашки, Хлопок, Eco 40-60, Шерсть/Ручная стирка, Смесь, Пуховое одеяло, Быстрая стирка 14 мин, Освежение, Полоскание, Слив + Отжим, Самоочистка, Синтетика","Սառը լվացում, Հակաալերգիա, Բծերի դեմ, Վերնաշապիկներ, Բամբակ, Eco 40-60, Բուրդ/Ձեռքով լվացում, Խառնուրդ, Վերմակ, Արագ լվացում 14 ր, Թարմացում, Ողողում, Արտահոսք + Պտտում, Ինքնամաքրում, Սինթետիկա"
Cold-forged aluminium,Холоднокованый алюминий,Սառը դարբնած ալյումին
Collezione,Коллекция,Հավաքածու
Colonial,Колониальный,Գաղութային
Colonial control knobs,Колониальные ручки управления,Գաղութային կառավարման կոճակներ
Coloniale,Колониальный,Գաղութային
Colori multipli,Множество цветов,Բազմագույն
Combi Microwave,Комбинированная микроволновая печь,Համակցված միկրոալիքային
Combi Steam,Комбинированная паровая,Համակցված գոլորշի
Compact Lite,Компактный Lite,Կոմպակտ Lite
Compact Slider,Компактный слайдер,Կոմպակտ սահիչ
Compact Slider Plus,Компактный слайдер Plus,Կոմպակտ սահիչ Plus
CompactScreen,Компактный экран,Կոմպակտ էկրան
Composite,Композитный,Կոմպոզիտային
Composite bowl,Композитная чаша,Կոմպոզիտային թաս
Composite sink,Композитная мойка,Կոմպոզիտային լվացարան
Concerto,Концерт,Համերգ
Conical,Конический,Կոնաձև
Connecting Strip,Соединительная планка,Միացնող շերտ
Containers set,Набор контейнеров,Տարաների հավաքածու
Contaminuti + fine cottura,Таймер + окончание приготовления,Ժմչփ + եփման ավարտ
Contemporanea,Современная,Ժամանակակից
Control block,Блок управления,Կառավարման բլոկ
Control buttons,Кнопки управления,Կառավարման կոճակներ
Control knob,Ручка управления,Կառավարման կոճակ
Control knobs,Ручки управления,Կառավարման կոճակներ
Control knobs / buttons,Ручки управления / кнопки,Կառավարման կոճակներ / կոճակներ
Cooker,Плита,Սալօջախ
Cookers,Плиты,Սալօջախներ
"Cookers, Hobs","Плиты, варочные панели","Սալօջախներ, վառարաններ"
Cooking,Приготовление,Խոհարարություն
Cookware,Посуда,Խոհանոցային պարագաներ
"Cool, 20°C, 30°C, 40°C, 50°C, 60°C, 70°C, 80°C, 90°C","Холодная, 20°C, 30°C, 40°C, 50°C, 60°C, 70°C, 80°C, 90°C","Սառը, 20°C, 30°C, 40°C, 50°C, 60°C, 70°C, 80°C, 90°C"
"Cool, 20°C, 30°C, 40°C, 60°C, 90°C","Холодная, 20°C, 30°C, 40°C, 60°C, 90°C","Սառը, 20°C, 30°C, 40°C, 60°C, 90°C"
Copper,Медь,Պղինձ
Cortina,Кортина,Կորտինա
Cotton,Хлопок,Բամբակ
"Cotton ECO, Rapid, Hygiene Drying, Bed sheet, Cotton, Synthetic, Towels, Outdoor, Delicates, Refresh, Shirts, Jeans, Mix, Timed Programmes, Duvet","Хлопок ЭКО, Быстрая, Гигиеничная сушка, Простыни, Хлопок, Синтетика, Полотенца, Верхняя одежда, Деликатное, Освежение, Рубашки, Джинсы, Смесь, Программы по времени, Пуховое одеяло","Բամբակյա ԷԿՈ, Արագ, Հիգիենիկ չորացում, Սավաններ, Բամբակ, Սինթետիկ, Սրբիչներ, Բացօթյա, Նուրբ, Թարմացում, Վերնաշապիկներ, Ջինսեր, Խառնուրդ, Ժամանակային ծրագրեր, Վերմակ"
"Cotton ECO, Rapid, Hygiene Drying, DownWear, Outdoor/Sportswear, Bulk/Bedding, Cotton, Synthetic, Towels, Refresh, Shirts, Daily, Jeans, Mix, Timed Programmes","Хлопок ЭКО, Быстрая, Гигиеничная сушка, Пуховики, Верхняя/Спортивная одежда, Крупное/Постельное, Хлопок, Синтетика, Полотенца, Освежение, Рубашки, Повседневное, Джинсы, Смесь, Программы по времени","Բամբակյա ԷԿՈ, Արագ, Հիգիենիկ չորացում, Ներքնազգեստ, Բացօթյա/Սպորտային հագուստ, Մեծածավալ/Անկողնային, Բամբակ, Սինթետիկ, Սրբիչներ, Թարմացում, Վերնաշապիկներ, Ամենօրյա, Ջինսեր, Խառնուրդ, Ժամանակային ծրագրեր"
"Cotton ECO, Rapid, Hygiene Drying, Outdoor/Sportswear, Bulk/Bedding, Cotton, Synthetic, Towels, Delicates, Refresh, Shirts, Jeans, Mix, Timed Programmes, Duvet","Хлопок ЭКО, Быстрая, Гигиеничная сушка, Верхняя/Спортивная одежда, Крупное/Постельное, Хлопок, Синтетика, Полотенца, Деликатное, Освежение, Рубашки, Джинсы, Смесь, Программы по времени, Пуховое одеяло","Բամբակյա ԷԿՈ, Արագ, Հիգիենիկ չորացում, Բացօթյա/Սպորտային հագուստ, Մեծածավալ/Անկողնային, Բամբակ, Սինթետիկ, Սրբիչներ, Նուրբ, Թարմացում, Վերնաշապիկներ, Ջինսեր, Խառնուրդ, Ժամանակային ծրագրեր, Վերմակ"
"Cotton ECO, Rapid, Hygiene Drying, Refresh Hygiene, Steam Refresh, Cotton, Synthetic, Silent, Outdoor, Shirts, Jeans, Mix, Timed Programmes, Wool, Duvet","Хлопок ЭКО, Быстрая, Гигиеничная сушка, Гигиеническое освежение, Освежение паром, Хлопок, Синтетика, Бесшумная, Верхняя одежда, Рубашки, Джинсы, Смесь, Программы по времени, Шерсть, Пуховое одеяло","Բամբակյա ԷԿՈ, Արագ, Հիգիենիկ չորացում, Վերականգնող հիգիենա, Շոգու թարմացում, Բամբակ, Սինթետիկ, Անաղմուկ, Բացօթյա, Վերնաշապիկներ, Ջինսեր, Խառնուրդ, Ժամանակային ծրագրեր, Բուրդ, Վերմակ"
"Cotton ECO, Rapid, Hygiene Drying, Refresh Hygiene, Steam Refresh, Cotton, Synthetic, Silent, Shirts, Jeans, Mix, Timed Programmes, Wool, Duvet","Хлопок ЭКО, Быстрая, Гигиеничная сушка, Гигиеническое освежение, Освежение паром, Хлопок, Синтетика, Бесшумная, Рубашки, Джинсы, Смесь, Программы по времени, Шерсть, Пуховое одеяло","Բամբակյա ԷԿՈ, Արագ, Հիգիենիկ չորացում, Վերականգնող հիգիենա, Շոգու թարմացում, Բամբակ, Սինթետիկ, Անաղմուկ, Վերնաշապիկներ, Ջինսեր, Խառնուրդ, Ժամանակային ծրագրեր, Բուրդ, Վերմակ"
"Cotton ECO, Rapid, Hygiene Drying, Refresh Hygiene, Steam Refresh, Outdoor/Sportswear, Cotton, Synthetic, Silent, Shirts, Jeans, Mix, Timed Programmes, Wool, Duvet","Хлопок ЭКО, Быстрая, Гигиеничная сушка, Гигиеническое освежение, Освежение паром, Верхняя/Спортивная одежда, Хлопок, Синтетика, Бесшумная, Рубашки, Джинсы, Смесь, Программы по времени, Шерсть, Пуховое одеяло","Բամբակյա ԷԿՈ, Արագ, Հիգիենիկ չորացում, Վերականգնող հիգիենա, Շոգու թարմացում, Բացօթյա/Սպորտային հագուստ, Բամբակ, Սինթետիկ, Անաղմուկ, Վերնաշապիկներ, Ջինսեր, Խառնուրդ, Ժամանակային ծրագրեր, Բուրդ, Վերմակ"
"Cotton ECO, Rapid, Hygiene Drying, Refresh Hygiene, Steam Refresh, Outdoor/Sportswear, Shirts, Cotton, Synthetic, Silent, Jeans, Mix, Timed Programmes, Wool, Duvet","Хлопок ЭКО, Быстрая, Гигиеничная сушка, Гигиеническое освежение, Освежение паром, Верхняя/Спортивная одежда, Рубашки, Хлопок, Синтетика, Бесшумная, Джинсы, Смесь, Программы по времени, Шерсть, Пуховое одеяло","Բամբակյա ԷԿՈ, Արագ, Հիգիենիկ չորացում, Վերականգնող հիգիենա, Շոգու թարմացում, Բացօթյա/Սպորտային հագուստ, Վերնաշապիկներ, Բամբակ, Սինթետիկ, Անաղմուկ, Ջինսեր, Խառնուրդ, Ժամանակային ծրագրեր, Բուրդ, Վերմակ"
Countertop,Настольная,Սեղանի
Cover,Крышка,Կափարիչ
Cream,Кремовый,Կրեմ
Cromato,Хромированный,Քրոմապատ
Cubes,Кубики,Խորանարդիկներ
Cucina control knob kit,Комплект ручек Cucina,Կուչինա կառավարման կոճակների հավաքածու
Cucina restyling,Кухня рестайлинг,Կուչինա վերափոխում
Dark Grey Inox Look,Темно-серый под нержавеющую сталь,Մուգ մոխրագույն Inox տեսք
Dark Inox,Темный инокс,Մուգ Inox
Dark Inox Look,Темный под нержавеющую сталь,Մուգ Inox տեսք
Dark grey,Темно-серый,Մուգ մոխրագույն
Decorated / Special,Декорированный / Специальный,Զարդարված / Հատուկ
Decorative island hood,Декоративная островная вытяжка,Դեկորատիվ կղզու արտածուծիչ
Decorative wall hood,Декоративная настенная вытяжка,Դեկորատիվ պատի արտածուծիչ
Decorato / Speciale,Декорированный / Специальный,Զարդարված / Հատուկ
Delay,Задержка,Հետաձգում
Delay start and automatic end cooking,Отложенный старт и автоматическое завершение приготовления,Հետաձգված մեկնարկ և ավտոմատ ավարտ
"Delay timer, FlexiTime, Prewash, Additional rinse, Anti-wrinkle (easy ironing), Quick, Intensive","Таймер отсрочки, FlexiTime, Предварительная стирка, Дополнительное полоскание, Антисминание (легкая глажка), Быстрая, Интенсивная","Հետաձգման ժմչփ, FlexiTime, Նախնական լվացում, Լրացուցիչ ողողում, Կնճիռների դեմ (հեշտ արդուկում), Արագ, Ինտենսիվ"
"Delay timer, FlexiTime, Prewash, Additional rinse, No spin, Anti-wrinkle (easy ironing), Intensive, Cold wash, Drying","Таймер отсрочки, FlexiTime, Предварительная стирка, Дополнительное полоскание, Без отжима, Антисминание (легкая глажка), Интенсивная, Холодная стирка, Сушка","Հետաձգման ժմչփ, FlexiTime, Նախնական լվացում, Լրացուցիչ ողողում, Առանց պտտման, Կնճիռների դեմ (հեշտ արդուկում), Ինտենսիվ, Սառը լվացում, Չորացում"
"Delay timer, Prewash, Additional rinse, Anti-wrinkle (easy ironing), Quick, Intensive","Таймер отсрочки, Предварительная стирка, Дополнительное полоскание, Антисминание (легкая глажка), Быстрая, Интенсивная","Հետաձգման ժմչփ, Նախնական լվացում, Լրացուցիչ ողողում, Կնճիռների դեմ (հեշտ արդուկում), Արագ, Ինտենսիվ"
Delay_function,Функция задержки,Հետաձգման գործառույթ
Delayed start,Отложенный старт,Հետաձգված մեկնարկ
"Delayed start, Programme time indicator","Отложенный старт, индикатор времени программы","Հետաձգված մեկնարկ, ծրագրի ժամանակի ցուցիչ"
"Delayed start, Programme time indicator, Consumptions","Отложенный старт, индикатор времени программы, потребление","Հետաձգված մեկնարկ, ծրագրի ժամանակի ցուցիչ, սպառում"
"Delayed start, Programme time indicator, Time to end indication","Отложенный старт, индикатор времени программы, индикация времени до конца","Հետաձգված մեկնարկ, ծրագրի ժամանակի ցուցիչ, ավարտի ժամանակի ցուցում"
"Delayed start, Programme time indicator, Time to end indication, Dynamics programme time indicator","Отложенный старт, индикатор времени программы, индикация времени до конца, динамический индикатор времени программы","Հետաձգված մեկնարկ, ծրագրի ժամանակի ցուցիչ, ավարտի ժամանակի ցուցում, ծրագրի ժամանակի դինամիկ ցուցիչ"
Depth extension kit,Комплект удлинения глубины,Խորության երկարացման հավաքածու
Die-cast aluminium,Литой алюминий,Ձուլածո ալյումին
Digi Touch,Сенсорное управление Digi,Digi սենսորային
DigiScreen,Цифровой экран,Թվային էկրան
Digital,Цифровой,Թվային
Direct drive,Прямой привод,Ուղղակի շարժիչ
Dishwashers,Посудомоечные машины,Աման լվացող մեքենաներ
Divina Cucina,Divina Cucina,Divina Cucina
Dolce Stil Novo,Dolce Stil Novo,Dolce Stil Novo
Door,Дверца,Դուռ
Door on door,Дверь на двери,Դուռ դռան վրա
Double,Двойная,Կրկնակի
Double LED strip,Двойная LED-полоса,Կրկնակի LED շերտ
Double and Three Phase,Двух- и трёхфазное,Կրկնակի և եռաֆազ
Double in column,Двойной в колонне,Կրկնակի սյունակում
Double jets,Двойные струи,Կրկնակի շիթեր
Double lever,Двойной рычаг,Կրկնակի լծակ
Double lever filtered water,Двойной рычаг для фильтрованной воды,Կրկնակի լծակ ֆիլտրացված ջրի համար
Double under-counter,Двойной под столешницу,Կրկնակի սեղանի տակ
Double wall insulated bottle,Бутылка с двойными стенками и изоляцией,Կրկնակի պատերով մեկուսացված շիշ
Dove Gray,Голубино-серый,Աղավնու մոխրագույն
DownDraft,Нисходящая вытяжка,Ներքևի արտածուծիչ
Drawer,Ящик,Դարակ
"Drawer, manual","Ящик, ручной","Դարակ, ձեռքով"
Drawers,Ящики,Դարակներ
Drip filter Coffee Machine,Капельная кофемашина,Կաթիլային ֆիլտրի սուրճի մեքենա
"Dryers, Washing machines","Сушильные машины, стиральные машины","Չորանոցներ, լվացքի մեքենաներ"
"Drying Level, Program duration, Time Drying, Delay start, Residual time indicator","Уровень сушки, длительность программы, время сушки, отложенный старт, индикатор остаточного времени","Չորացման մակարդակ, ծրագրի տևողությունը, չորացման ժամանակ, հետաձգված մեկնարկ, մնացորդային ժամանակի ցուցիչ"
Dual fuel,Комбинированная (газ+электричество),Երկվառելիքային
Duoslide,Duoslide,Duoslide
ESC,ESC,ESC
"ESC, WSC","ESC, WSC","ESC, WSC"
EVO Slider,Слайдер EVO,EVO սահիչ
Eclipse,Eclipse,Eclipse
"Eco 40-60, Cotton, Clean, Delicate drying, Delicates, Drain + Spin, Mix, Night, Normal drying, Quick Wash, Rinse + Spin, Shirts, Sport, Synthetics, Wool","Eco 40-60, Хлопок, Очистка, Деликатная сушка, Деликатное, Слив + Отжим, Смесь, Ночная, Обычная сушка, Быстрая стирка, Полоскание + Отжим, Рубашки, Спорт, Синтетика, Шерсть","Eco 40-60, Բամբակ, Մաքրում, Նուրբ չորացում, Նրբություններ, Արտահոսք + Պտտում, Խառնուրդ, Գիշեր, Նորմալ չորացում, Արագ լվացում, Ողողում + Պտտում, Վերնաշապիկներ, Սպորտ, Սինթետիկա, Բուրդ"
"Eco 40-60, Cotton, Cotton 20°, Cotton 40°, Cotton 60°, Cotton 90°, Clean, Delicate 30°, Delicate drying, Drain + Spin, Mix 30°, Normal drying, Rinse + Spin, Synthetics 30°, Synthetics 40°, Wool Cold","Eco 40-60, Хлопок, Хлопок 20°, Хлопок 40°, Хлопок 60°, Хлопок 90°, Очистка, Деликатное 30°, Деликатная сушка, Слив + Отжим, Смесь 30°, Обычная сушка, Полоскание + Отжим, Синтетика 30°, Синтетика 40°, Шерсть холодная","Eco 40-60, Բամբակ, Բամբակ 20°, Բամբակ 40°, Բամբակ 60°, Բամբակ 90°, Մաքրում, Նուրբ 30°, Նուրբ չորացում, Արտահոսք + Պտտում, Խառնուրդ 30°, Նորմալ չորացում, Ողողում + Պտտում, Սինթետիկա 30°, Սինթետիկա 40°, Բուրդ սառը"
"Eco 40-60, Intensive drying, Cotton 20°, Cotton 40°, Cotton 60°, Cotton 90°, Clean, Delicate drying, Drain + Spin, Mix 30°, Quick Wash 15' 30°, Rinse + Spin, Synthetics 30°, Synthetics 40°, Wool Cold","Eco 40-60, Интенсивная сушка, Хлопок 20°, Хлопок 40°, Хлопок 60°, Хлопок 90°, Очистка, Деликатная сушка, Слив + Отжим, Смесь 30°, Быстрая стирка 15' 30°, Полоскание + Отжим, Синтетика 30°, Синтетика 40°, Шерсть холодная","Eco 40-60, Ինտենսիվ չորացում, Բամբակ 20°, Բամբակ 40°, Բամբակ 60°, Բամբակ 90°, Մաքրում, Նուրբ չորացում, Արտահոսք + Պտտում, Խառնուրդ 30°, Արագ լվացում 15' 30°, Ողողում + Պտտում, Սինթետիկա 30°, Սինթետիկա 40°, Բուրդ սառը"
"Eco 40-60, Synthetic dry, Wash&Dry 5kg Cotton , Wash&Dry Anti allergy, Wash&Dry Express, Wool/Hand wash, Cotton, Cotton Dry, Drain + Spin, Mix, Quick Wash 14 min, Rinse, Shirts, Synthetics","Eco 40-60, Синтетическая сушка, Стирка+Сушка 5кг Хлопок, Стирка+Сушка Антиаллергия, Стирка+Сушка Экспресс, Шерсть/Ручная стирка, Хлопок, Сушка хлопка, Слив + Отжим, Смесь, Быстрая стирка 14 мин, Полоскание, Рубашки, Синтетика","Eco 40-60, Սինթետիկ չորացում, Լվացում+Չորացում 5կգ Բամբակ, Լվացում+Չորացում Հակաալերգիա, Լվացում+Չորացում Էքսպրես, Բուրդ/Ձեռքով լվացում, Բամբակ, Բամբակի չորացում, Արտահոսք + Պտտում, Խառնուրդ, Արագ լվացում 14 ր, Ողողում, Վերնաշապիկներ, Սինթետիկա"
"Eco 40-60, Synthetic dry, Wash&Dry Anti allergy, Wash&Dry Cotton 6kg, Wash&Dry Express, Wool/Hand wash, Cotton, Cotton Dry, Drain + Spin, Mix, Quick Wash 14 min, Rinse, Shirts, Synthetics","Eco 40-60, Синтетическая сушка, Стирка+Сушка Антиаллергия, Стирка+Сушка Хлопок 6кг, Стирка+Сушка Экспресс, Шерсть/Ручная стирка, Хлопок, Сушка хлопка, Слив + Отжим, Смесь, Быстрая стирка 14 мин, Полоскание, Рубашки, Синтетика","Eco 40-60, Սինթետիկ չորացում, Լվացում+Չորացում Հակաալերգիա, Լվացում+Չորացում Բամբակ 6կգ, Լվացում+Չորացում Էքսպրես, Բուրդ/Ձեռքով լվացում, Բամբակ, Բամբակի չորացում, Արտահոսք + Պտտում, Խառնուրդ, Արագ լվացում 14 ր, Ողողում, Վերնաշապիկներ, Սինթետիկա"
Egg tray,Лоток для яиц,Ձվի տարա
Electric,Электрический,Էլեկտրական
Electric Milk Frother,Электрический вспениватель молока,Էլեկտրական կաթի փրփրիչ
Electric plates,Электрические конфорки,Էլեկտրական սալիկներ
Electrical button,Электрическая кнопка,Էլեկտրական կոճակ
Electrical hand mixer,Электрический ручной миксер,Էլեկտրական ձեռքի հարիչ
Electro-mechanical,Электромеханический,Էլեկտրամեխանիկական
Electromechanical,Электромеханический,Էլեկտրամեխանիկական
Electronic,Электронные,Էլեկտրոնային
Electronic 5 buttons,Электронный, 5 кнопок,Էլեկտրոնային 5 կոճակ
Electronic buttons,Электронные кнопки,Էլեկտրոնային կոճակներ
Electronic control,Электронное управление,Էլեկտրոնային կառավարում
Electronic touch control,Электронное сенсорное управление,Էլեկտրոնային սենսորային կառավարում
Electronics,Электронное,Էլեկտրոնային
Emerald Green,Изумрудно-зеленый,Զմրուխտ կանաչ
Emerald green,Изумрудно-зеленый,Զմրուխտյա կանաչ
Enamelled,Эмалированный,Էմալապատ
Enamelled flat,Эмалированные плоские,Էմալապատ հարթ
Enamelled metal,Эмалированный металл,Էմալապատ մետաղ
"End Time, Spin Speed, Temperature, Intensive, Steam, Smart Water","Время окончания, скорость отжима, температура, интенсивный, пар, умная вода","Ավարտի ժամանակ, պտտման արագություն, ջերմաստիճան, ինտենսիվ, գոլորշի, խելացի ջուր"
"End Time, Spin Speed, Temperature, Quick, Steam, Smart Water","Время окончания, скорость отжима, температура, быстрая, пар, умная вода","Ավարտի ժամանակ, պտտման արագություն, ջերմաստիճան, արագ, գոլորշի, խելացի ջուր"
End cooking,Окончание приготовления,Եփման ավարտ
"Ending in , Extra rinse, Prewash, Anti-wrinkle (easy ironing), Quick, Intensive, Steam, Drying","Окончание через, Дополнительное полоскание, Предварительная стирка, Антисминание (легкая глажка), Быстрая, Интенсивная, Пар, Сушка","Ավարտը, լրացուցիչ ողողում, նախնական լվացում, կնճիռների դեմ (հեշտ արդուկում), արագ, ինտենսիվ, գոլորշի, չորացում"
Espresso Coffee Machine,Эспрессо-кофемашина,Էսպրեսսո սուրճի մեքենա
Espresso Manual Coffee Machine,Ручная эспрессо-кофемашина,Ձեռքի էսպրեսսո սուրճի մեքենա
Esterno (su porta),Снаружи (на дверце),Արտաքին (դռան վրա)
Ever Clean enamel,Эмаль Ever Clean,Ever Clean էմալ
Ever clean Enamel,Эмаль Ever Clean,Ever clean էմալ
EvoScreen,EvoScreen,EvoScreen
Exhaust kit,Комплект вытяжки,Արտանետման հավաքածու
Extension kit,Комплект расширения,Երկարացման հավաքածու
External,Внешняя,Արտաքին
"External, in the door","Внешняя, на дверце","Արտաքին, դռան վրա"
Extractable,Выдвижная,Քաշվող
Extraction,Вытяжка,Արտանետում
FIAP 16007 - 1100l capacity,FIAP 16007 - вместимость 1100 л,FIAP 16007 - 1100լ հզորություն
Fan assisted,С вентилятором,Օդափոխիչով
"Fan assisted refrigerator, static freezer","Вентилируемая холодильная камера, статическая морозильная камера","Օդափոխիչով սառնարան, ստատիկ սառցախցիկ"
"Fast Feezing, Temperature Alarm","Быстрая заморозка, сигнал температуры","Արագ սառեցում, ջերմաստիճանի ազդանշան"
"Fast Feezing, Temperature Alarm, Cooling timer","Быстрая заморозка, сигнал температуры, таймер охлаждения","Արագ սառեցում, ջերմաստիճանի ազդանշան, սառեցման ժմչփ"
Fast cooling,Быстрое охлаждение,Արագ սառեցում
"Fast cooling, ECO, Temperature alarm","Быстрое охлаждение, ЭКО, сигнал температуры","Արագ սառեցում, ԷԿՈ, ջերմաստիճանի ազդանշան"
Fast freezing,Быстрая заморозка,Արագ սառեցում
"Fast freezing, ECO","Быстрая заморозка, ЭКО","Արագ սառեցում, ԷԿՈ"
"Fast freezing, ECO, Temperature alarm","Быстрая заморозка, ЭКО, сигнал температуры","Արագ սառեցում, ԷԿՈ, ջերմաստիճանի ազդանշան"
Feet Kit,Комплект ножек,Ոտքերի հավաքածու
"Fill&Hide 2, automatic","Fill&Hide 2, автоматический","Fill&Hide 2, ավտոմատ"
Filter Coffee Machine,Фильтр-кофемашина,Ֆիլտրի սուրճի մեքենա
Filter grid,Фильтрующая решётка,Ֆիլտրի ցանց
Filtering kit and charcoal filter regenerable included,Фильтрующий комплект и регенерируемый угольный фильтр в комплекте,Ներառված են ֆիլտրի հավաքածուն և վերականգնվող ածխի ֆիլտրը
Finger friendly stainless steel,Нержавеющая сталь с защитой от отпечатков,Մատնահետքերից զերծ չժանգոտվող պողպատ
Finger proof,Защита от отпечатков,Մատնահետքերից պաշտպանություն
Fingerproof,Защита от отпечатков,Մատնահետքերից պաշտպանություն
Fixed,Фиксированная,Ֆիքսված
Flap down,Откидная,Վայրէջք
Flat,Плоский,Հարթ
Flowblend,Flowblend,Flowblend
"Flush fitted, Flat","Вровень со столешницей, плоский","Սեղանի հետ հավասար, հարթ"
"Flush fitted, Flat, Undermount","Вровень со столешницей, плоский, под столешницу","Սեղանի հետ հավասար, հարթ, սեղանի տակ"
Food Preparation,Подготовка продуктов,Սննդի պատրաստում
Food Processor,Кухонный комбайн,Սննդի պրոցեսոր
Franges,Фланцы,Եզրեր
Free Standing,Отдельностоящая,Ազատ կանգնած
Free standing,Отдельностоящий,Ազատ կանգնած
Free-standing,Отдельностоящая,Ազատ կանգնած
"Free-standing, Class 1, Built-in, Class 2-1 norm UNI EN 30-1-1","Отдельностоящая, класс 1, встраиваемая, класс 2-1 норма UNI EN 30-1-1","Ազատ կանգնած, դաս 1, ներկառուցվող, դաս 2-1 նորմ UNI EN 30-1-1"
Freezers,Морозильные камеры,Սառցախցիկներ
Fridges and freezers,Холодильники и морозильники,Սառնարաններ և սառցախցիկներ
Frigoriferi d'arte,Художественные холодильники,Արվեստի սառնարաններ
From 1 to 24 h,От 1 до 24 ч,1-ից 24 ժ
From 10 to 160 min,От 10 до 160 мин,10-ից 160 րոպե
Front,Спереди,Առջևից
Front centre,Передняя центральная,Առջևի կենտրոն
Front left,Спереди слева,Առջևի ձախ
Front right,Спереди справа,Առջևի աջ
Front-centre,Передний-центр,Դիմային կենտրոն
Front-left,Спереди слева,Առջևի ձախ
Front-right,Спереди справа,Առջևի աջ
Frontal,Фронтальная,Առջևի
Full electric,Полностью электрическая,Ամբողջությամբ էլեկտրական
Full glass,Полностью стеклянная,Ամբողջական ապակի
Full touch,Полное сенсорное управление,Ամբողջական սենսորային
Fully Built-in,Полностью встраиваемая,Լիովին ներկառուցվող
Fully integrated,Полностью встроенная,Լրիվ ինտեգրված
Fully integrated built-in,Полностью встраиваемая,Լիովին ինտեգրված ներկառուցվող
Fully-integrated built-in,Полностью встраиваемая,Լիովին ինտեգրված ներկառուցվող
G110 City gas,G110 Городской газ,G110 Քաղաքային գազ
"G110 City gas, G20 Natural gas","G110 Городской газ, G20 Природный газ","G110 Քաղաքային գազ, G20 Բնական գազ"
G20 Natural gas,G20 Природный газ,G20 Բնական գազ
G20/G25 natural gas,Природный газ G20/G25,G20/G25 բնական գազ
"G25 Natural gas, G30 GPL Liquid gas","G25 Природный газ, G30 Сжиженный газ GPL","G25 Բնական գազ, G30 GPL Հեղուկ գազ"
G30 GPL Liquid gas,Сжиженный газ G30 GPL,G30 GPL հեղուկ գազ
"G30 GPL Liquid gas, G110 City gas","Сжиженный газ G30 GPL, Городской газ G110","G30 GPL հեղուկ գազ, G110 Քաղաքային գազ"
"G30 GPL Liquid gas, G20 Natural gas","Сжиженный газ G30 GPL, Природный газ G20","G30 GPL հեղուկ գազ, G20 Բնական գազ"
G30 LPG liquid gas,Сжиженный газ G30 LPG,G30 LPG հեղուկ գազ
"G30 Liquid gas, G25 Natural gas","Сжиженный газ G30, Природный газ G25","G30 Հեղուկ գազ, G25 Բնական գազ"
Galvanized,Оцинкованная,Ցինկապատ
Gas,Газ,Գազ
Gas - 2UR (dual),Газовая - 2UR (двойная),Գազ - 2UR (կրկնակի)
Gas - AUX,Газовая - Вспомогательная,Գազ - Օժանդակ
Gas - Rapid,Газовая - Быстрая,Գազ - Արագ
Gas - Semi Rapid,Газовая - Полубыстрая,Գազ - Կիսաարագ
Gas - UR,Газ - Ультрабыстрый,Գազ - UR
German stainless steel,Немецкая нержавеющая сталь,Գերմանական չժանգոտվող պողպատ
Gesture control,Управление жестами,Ժեստերի կառավարում
Giant door,Гигантская дверца,Հսկա դուռ
Glass,Стекло,Ապակի
Glass effect,Эффект стекла,Ապակու էֆեկտ
Glass holder kit,Комплект держателя стекла,Ապակու պահարանի հավաքածու
Glossy,Глянцевый,Փայլուն
Glossy Black,Глянцевый черный,Փայլուն սև
Glossy black,Глянцевый черный,Փայլուն սև
Glossy chromed,Глянцевый хромированный,Փայլուն քրոմապատ
Gold,Золотой,Ոսկի
Gray,Серый,Մոխրագույն
Gray internal/ polish crome external,Серый внутри/ полированный хром снаружи,Մոխրագույն ներքին/փայլուն քրոմ արտաքին
Green,Зеленый,Կանաչ
Grey,Серый,Մոխրագույն
Grey / Chrome,Серый / Хром,Մոխրագույն / Քրոմ
"Grey Flexiduo, Grey Planetarium, Cup shelfes, Handle, Anti drop inserts, Cutlery basket: same colour of Dishwasher","Светлый, 818x598x584 мм","Grey Flexiduo, Grey Planetarium, բաժակների դարակներ, բռնակ, հակաթափման ներդիրներ, պատառաքաղների զամբյուղ՝ աման լվացող մեքենայի նույն գույնով"
Grill,Гриль,Գրիլ
Half bowl,Половинная чаша,Կես թաս
Halogen,Галогенная,Հալոգեն
Hand Blender With Accessories,Погружной блендер с аксессуарами,Ձեռքի բլենդեր աքսեսուարներով
Hand Blenders,Погружные блендеры,Ձեռքի բլենդերներ
Hand Mixer,Ручной миксер,Ձեռքի հարիչ
Hand blender holder,Держатель для погружного блендера,Ձեռքի բլենդերի պահարան
Handle,Ручка,Բռնակ
Handles set,Набор ручек,Բռնակների հավաքածու
Heat pump condenser,Конденсатор с тепловым насосом,Ջերմային պոմպի կոնդենսատոր
Heat-moulded,Термоформованный,Ջերմաձուլված
Heating Element,Нагревательный элемент,Ջեռուցման տարր
Heating element,Нагревательный элемент,Ջեռուցման տարր
Height extension kit,Комплект увеличения высоты,Բարձրության երկարացման հավաքածու
Higher than 200 cm,Выше 200 см,200 սմ-ից բարձր
Higher than 80 cm,Выше 80 см,80 սմ-ից բարձր
Hob,Варочная панель,Վառարան
Hobs,Варочные панели,Վառարաններ
"Hobs, Hoods","Варочные панели, вытяжки","Վառարաններ, արտածուծիչներ"
"Holiday, Fast Feezing, ECO, Temperature Alarm","Режим отпуска, быстрая заморозка, ЭКО, сигнал температуры","Արձակուրդ, արագ սառեցում, ԷԿՈ, ջերմաստիճանի ազդանշան"
"Holiday, Fast cooling, ECO, Temperature alarm","Режим отпуска, быстрое охлаждение, ЭКО, сигнал температуры","Արձակուրդ, արագ սառեցում, ԷԿՈ, ջերմաստիճանի ազդանշան"
"Holiday, Fast freezing, Fast cooling, ECO","Режим отпуска, быстрая заморозка, быстрое охлаждение, ЭКО","Արձակուրդ, արագ սառեցում, արագ սառեցում, ԷԿՈ"
"Holiday, Fast freezing, Fast cooling, ECO, Control lock","Режим отпуска, быстрая заморозка, быстрое охлаждение, ЭКО, блокировка управления","Արձակուրդ, արագ սառեցում, արագ սառեցում, ԷԿՈ, կառավարման կողպեք"
"Holiday, Fast freezing, Fast cooling, ECO, Control lock, Cooling timer","Режим отпуска, быстрая заморозка, быстрое охлаждение, ЭКО, блокировка управления, таймер охлаждения","Արձակուրդ, արագ սառեցում, արագ սառեցում, ԷԿՈ, կառավարման կողպեք, սառեցման ժմչփ"
"Holiday, Fast freezing, Fast cooling, ECO, Control lock, Temperature alarm","Режим отпуска, быстрая заморозка, быстрое охлаждение, ЭКО, блокировка управления, сигнал температуры","Արձակուրդ, արագ սառեցում, արագ սառեցում, ԷԿՈ, կառավարման կողպեք, ջերմաստիճանի ազդանշան"
"Holiday, Fast freezing, Fast cooling, ECO, Control lock, Temperature alarm, Cooling timer","Режим отпуска, быстрая заморозка, быстрое охлаждение, ЭКО, блокировка управления, сигнал температуры, таймер охлаждения","Արձակուրդ, արագ սառեցում, արագ սառեցում, ԷԿՈ, կառավարման կողպեք, ջերմաստիճանի ազդանշան, սառեցման ժմչփ"
"Holiday, Fast freezing, Fast cooling, ECO, Temperature alarm","Режим отпуска, быстрая заморозка, быстрое охлаждение, ЭКО, сигнал температуры","Արձակուրդ, արագ սառեցում, արագ սառեցում, ԷԿՈ, ջերմաստիճանի ազդանշան"
"Holiday, Fast freezing, Fast cooling, MultiZone, ECO","Режим отпуска, быстрая заморозка, быстрое охлаждение, MultiZone, ЭКО","Արձակուրդ, արագ սառեցում, արագ սառեցում, MultiZone, ԷԿՈ"
Hood,Вытяжка,Արտածուծիչ
Hoods,Вытяжки,Արտածուծիչներ
Hot stamping foil,Горячее тиснение фольгой,Տաք դրոշմման փայլաթիթեղ
HxLxP 171x220x100 mm,ВxШxГ 171x220x100 мм,ԲxԼxԽ 171x220x100 մմ
HxLxP 251x184x142 mm,ВxШxГ 251x184x142 мм,ԲxԼxԽ 251x184x142 մմ
HxLxP 330x149x329 mm,ВxШxГ 330x149x329 мм,ԲxԼxԽ 330x149x329 մմ
HxLxP 335x140x140 mm,ВxШxГ 335x140x140 мм,ԲxԼxԽ 335x140x140 մմ
HxLxP 361x245x256 mm,ВxШxГ 361x245x256 мм,ԲxԼxԽ 361x245x256 մմ
HxLxW 200x93x93 mm,ВxШxГ 200x93x93 мм,ԲxԼxԽ 200x93x93 մմ
Hybrid: Knobs + Touch,Гибридный: ручки + сенсор,Հիբրիդային՝ կոճակներ + սենսորային
Ice,Лёд,Սառույց
Ice Cream Maker Accessory,Аксессуар для мороженицы,Պաղպաղակի արտադրիչի աքսեսուար
Ice cube tray,Лоток для льда,Սառույցի սկուտեղ
Illuminated control knobs,Подсвеченные ручки управления,Լուսավորվող կառավարման կոճակներ
In a maximum period,В максимальный период,Առավելագույն ժամանակահատվածում
In plastic,Пластиковая,Պլաստիկից
In plastic on upper and lower basket,Пластиковая на верхней и нижней корзине,Պլաստիկե՝ վերին և ստորին զամբյուղների վրա
In plastic with stainless steel insert on upper and lower basket,Пластиковая со вставкой из нержавеющей стали на верхней и нижней корзине,Պլաստիկ՝ չժանգոտվող պողպատից ներդիրով վերին և ստորին զամբյուղների վրա
Incandescent,Лампа накаливания,Շիկացման
Incandescent light,Лампа накаливания,Շիկացման լամպ
Induction,Индукционная,Ինդուկցիոն
Induction - Giant,Индукционная - Гигантская,Ինդուկցիոն - Հսկա
Induction - Multizone,Индукционная - Мультизона,Ինդուկցիոն - Multizone
Induction - Single,Индукционная - Одиночная,Ինդուկցիոն - Մեկ
Induction - Warming zone,Индукционная - Зона подогрева,Ինդուկցիոն - Տաքացման գոտի
Induction - giant,Индукционная - гигантская,Ինդուկցիոն - հսկա
Induction - multizone,Индукционная - мультизона,Ինդուկցիոն - բազմագոտի
Induction - single,Индукционная - одиночная,Ինդուկցիոն - մեկ
Induction Milk Frother,Индукционный вспениватель молока,Ինդուկցիոն կաթի փրփրիչ
Induction with integrated hood,Индукционная со встроенной вытяжкой,Ինդուկցիոն՝ ինտեգրված արտածուծիչով
"Induction, Gas, Ceramic, Electric","Индукционная, газовая, керамическая, электрическая","Ինդուկցիոն, գազի, կերամիկական, էլեկտրական"
"Inner, in the cellar compartment","Внутренняя, в винном отсеке","Ներքին, գինու խցիկում"
Inox,Нержавеющая сталь,Չժանգոտվող պողպատ
Inox Look,Под нержавеющую сталь,Inox տեսք
"Installed, Single phase","Установлен, однофазный","Տեղադրված, մեկֆազ"
Insulated bottle,Утепленная бутылка,Մեկուսացված շիշ
Integrated,Встроенный,Ինտեգրված
Integrated (semi) hood,Встроенная (полувстроенная) вытяжка,Ինտեգրված (կիսա) արտածուծիչ
Integrated filter,Встроенный фильтр,Ինտեգրված ֆիլտր
Integrated hood,Встроенная вытяжка,Ներկառուցվող արտածուծիչ
Interno (cella frigo),Внутри (холодильная камера),Ներքին (սառնարանի խցիկ)
Interno (sul Top),Внутри (сверху),Ներքին (վերևի վրա)
Inverter,Инверторный,Ինվերտորային
Inverter 2.0,Инвертор 2.0,Ինվերտոր 2.0
Isola,Островная,Կղզի
Italia flag,Флаг Италии,Իտալիայի դրոշ
J spout,J-образный носик,J-ձև ժայթք
Just for levelling,Только для выравнивания,Միայն հարթեցման համար
KITKCS-2/ KITKCX-2/ KITLOGOCR/ KITLOGOAS,KITKCS-2/ KITKCX-2/ KITLOGOCR/ KITLOGOAS,KITKCS-2/ KITKCX-2/ KITLOGOCR/ KITLOGOAS
KITRBDD - Kit Optional,KITRBDD - Дополнительный комплект,KITRBDD - Ընտրովի հավաքածու
Keep warm,Подогрев,Տաք պահում
"Keep warm, Eco light","Подогрев, эко-освещение","Տաք պահում, էկո լույս"
"Keep warm, Eco light, Brightness, Tones","Подогрев, эко-освещение, яркость, сигналы","Տաք պահում, էկո լույս, պայծառություն, ձայներ"
"Keep warm, Eco light, Language setting, Digital clock display, Brightness, ECO-logic, Tones, Tones volume","Подогрев, эко-освещение, настройка языка, цифровой дисплей часов, яркость, ECO-логика, сигналы, громкость сигналов","Տաք պահում, էկո լույս, լեզվի կարգավորում, թվային ժամացույցի էկրան, պայծառություն, ԷԿՈ-տրամաբանություն, ձայներ, ձայնի ծավալ"
"Keep warm, Eco light, Language setting, Digital clock display, Brightness, Tones, Tones volume","Подогрев, эко-освещение, настройка языка, цифровой дисплей часов, яркость, сигналы, громкость сигналов","Տաք պահում, էկո լույս, լեզվի կարգավորում, թվային ժամացույցի էկրան, պայծառություն, ձայներ, ձայնի ծավալ"
Kettle Standard,Стандартный чайник,Ստանդարտ թեյնիկ
Kettle Variable Temperature,Чайник с регулируемой температурой,Փոփոխական ջերմաստիճանի թեյնիկ
Kettles,Чайники,Թեյնիկներ
"Keyboard sound ON/OFF, Acoustic signals ON/OFF, Brightness level","Звук клавиатуры ВКЛ/ВЫКЛ, звуковые сигналы ВКЛ/ВЫКЛ, уровень яркости","Ստեղնաշարի ձայն ՄԻԱՑՎԱԾ/ԱՆՋԱՏՎԱԾ, ձայնային ազդանշաններ ՄԻԱՑՎԱԾ/ԱՆՋԱՏՎԱԾ, պայծառության մակարդակ"
Kit,Комплект,Հավաքածու
Kit Logo,Комплект логотипа,Լոգոտիպի հավաքածու
Kit Logo & Handrail,Комплект логотипа и поручня,Լոգոտիպի և բազրիքի հավաքածու
Kit for Recirculation and Extraction included,Комплект для рециркуляции и вытяжки в комплекте,Ներառված է վերաշրջանառության և արտանետման հավաքածու
"Kit listeria, Egg tray","Комплект от листерий, лоток для яиц","Լիստերիայի հավաքածու, ձվի տարա"
Kitchen Scales,Кухонные весы,Խոհանոցային կշեռք
Kitchenware,Кухонная утварь,Խոհանոցային պարագաներ
Knife Block Set,Набор ножей в подставке,Դանակների հավաքածու տակդիրով
Knife block,Ножевой блок,Դանակների բլոկ
Knobs,Ручки,Կոճակներ
Knobs & touch buttons,Ручки и сенсорные кнопки,Կոճակներ և սենսորային կոճակներ
Knock Box,Отбойник для кофейной гущи,Կոֆեի մրուրի թափիչ
L spout,L-образный носик,L-ձև ժայթք
LCD,ЖК-дисплей,Հեղուկ բյուրեղային էկրան
LCD Touch,Сенсорный ЖК-дисплей,Հպվող հեղուկ բյուրեղային էկրան
LCD colour,Цветной ЖК-дисплей,Գունավոր հեղուկ բյուրեղային էկրան
LED,Светодиодный,Լուսադիոդային
LED (external),Светодиодный (внешний),Լուսադիոդային (արտաքին)
LED display,Светодиодный дисплей,Լուսադիոդային էկրան
LED display (1 digit),Светодиодный дисплей (1 цифра),Լուսադիոդային էկրան (1 նիշ)
LED display (3 digit),Светодиодный дисплей (3 цифры),Լուսադիոդային էկրան (3 նիշ)
Laminate,Ламинат,Շերտավոր
Large capacity,Большая вместимость,Մեծ տարողություն
Laser,Лазер,Լազեր
Lasered,Лазерная гравировка,Լազերային
Lateral,Боковое,Կողային
Lavagna,Грифельная,Սև տախտակ
Led,Светодиодный,Լուսադիոդային
"Led on display, with acoustic signal","Светодиод на дисплее, со звуковым сигналом","Լուսադիոդ էկրանին, ձայնային ազդանշանով"
Left,Левая,Ձախ
Lever,Рычаг,Լծակ
"Lever, Buttons, Control knobs","Рычаг, кнопки, ручки управления","Լծակ, կոճակներ, կառավարման կոճակներ"
Li-Ion 1200 mAh,Литий-ионный 1200 мАч,Li-Ion 1200 mAh
Light,Световой,Լույս
Lighting,Освещение,Լուսավորություն
Lime green,Лаймово-зеленый,Կրաքարի կանաչ
Linea,Linea,Linea
Linea control knobs kit,Комплект ручек Linea,Linea կառավարման կոճակների հավաքածու
Linea minimal,Linea минимальная,Linea մինիմալիստական
Linking kit,Соединительный комплект,Միացնող հավաքածու
Long handle,Длинная ручка,Երկար բռնակ
"Low Temperature Cooking, Proving, Ready to eat, Defrosting, Heating, Yoghurt","Низкотемпературное приготовление, расстойка, готово к употреблению, разморозка, подогрев, йогурт","Ցածր ջերմաստիճանի խոհարարություն, հանգստացում, պատրաստ է ուտելու, հալեցում, տաքացում, յոգուրտ"
Low vibration compressor,Компрессор с низким уровнем вибрации,Ցածր թրթռման կոմպրեսոր
LxPxH 117x174x195 H203 (with lid),ШxГxВ 117x174x195 В203 (с крышкой),ԼxԽxԲ 117x174x195 H203 (կափարիչով)
LxPxH 136x136x203H (with lid and anti-slip base),ШxГxВ 136x136x203В (с крышкой и нескользящим основанием),ԼxԽxԲ 136x136x203H (կափարիչով և հակասայթաքման հիմքով)
LxPxH 60x60x268 mm,ШxГxВ 60x60x268 мм,ԼxԽxԲ 60x60x268 մմ
Manual,Ручное,Ձեռքով
Marble look,Под мрамор,Մարմարի տեսք
Matt,Матовый,Փայլատ
Matt Black,Матовый чёрный,Փայլատ սև
Matt White,Матовый белый,Փայլատ սպիտակ
Matt black,Матовый черный,Փայլատ սև
Matt black enamelled,Матово-черная эмаль,Փայլատ սև էմալապատ
Matt black enamelled flat,Матовые черные эмалированные плоские,Փայլատ սև էմալապատ հարթ
Matt chrome,Матовый хром,Փայլատ քրոմ
Matt grey,Матовый серый,Փայլատ մոխրագույն
"Meat and poultry, Fish and shellfish, Vegetables and side dishes, Cakes and sweets, Bread / pizza and pies","Мясо и птица, рыба и морепродукты, овощи и гарниры, торты и сладости, хлеб / пицца и пироги","Միս և թռչնամիս, ձուկ և ծովամթերք, բանջարեղեն և խավարտներ, տորթեր և քաղցրավենիք, հաց / պիցցա և կարկանդակներ"
Mechanical button,Механическая кнопка,Մեխանիկական կոճակ
Memory,Память,Հիշողություն
Metal,Металл,Մետաղ
Metal racks,Металлические решетки,Մետաղական դարակներ
Metal sheet,Металлический лист,Մետաղական թերթ
Metallic multilayer,Металлический многослойный,Մետաղական բազմաշերտ
Metallic sheet,Металлический лист,Մետաղական թերթ
Micro + grill,Микроволны + гриль,Միկրո + գրիլ
Micro combi,Микроволны комбинированные,Միկրո համակցված
Microfiber cloth,Микрофибровая ткань,Միկրոֆիբրային կտոր
Microwave,Микроволновая печь,Միկրոալիքային
Microwave with grill,Микроволновая печь с грилем,Միկրոալիքային գրիլով
Milk Frother,Вспениватель молока,Կաթի փրփրիչ
Minimum radius,Минимальный радиус,Նվազագույն շառավիղ
Mira,Мира,Միրա
Mista,Смешанная,Խառը
Mixed,Комбинированная,Խառը
Mobile semi-professional,Мобильный полупрофессиональный,Շարժական կիսապրոֆեսիոնալ
Monoblock bowl,Моноблок-чаша,Մոնոբլոկ թաս
Monoblock sink,Моноблок-мойка,Մոնոբլոկ լվացարան
Moonlight,Лунный свет,Լուսնի լույս
Moulds Set,Набор форм,Ձևերի հավաքածու
Multi Slider,Мульти-слайдер,Բազմասահիչ
Multi Slider and Knobs,Мульти-слайдер и ручки,Բազմասահիչ և կոճակներ
Multi food grinder,Многофункциональная мясорубка,Բազմաֆունկցիոնալ մսաղաց
Multi-session cooking,Многосессионное приготовление,Բազմասեանսային խոհարարություն
MultiZone,Мультизона,Բազմագոտի
Multicolor,Многоцветный,Բազմագույն
Multitech,Multitech,Multitech
Multitech / Twintech,Multitech / Twintech,Multitech / Twintech
Musa,Муза,Մուսա
"Natural condenser drying, with Dry Assist + automatic door opening system at the end of the cycle","Естественная конденсационная сушка с Dry Assist + автоматической системой открывания дверцы в конце цикла","Բնական կոնդենսացիոն չորացում, Dry Assist + ավտոմատ դռան բացման համակարգով ցիկլի վերջում"
"Natural condenser drying, with Dry Assist automatic door opening system at the end of the cycle","Естественная конденсационная сушка с автоматической системой открывания дверцы Dry Assist в конце цикла","Բնական կոնդենսացիոն չորացում, Dry Assist ավտոմատ դռան բացման համակարգով ցիկլի վերջում"
Navy Blue,Темно-синий,Նավատորմի կապույտ
Neptune Grey,Серый Нептун,Նեպտուն մոխրագույն
Nero,Черный,Սև
New Cucina Silver control knobs kit,Новый комплект ручек Cucina Silver,Նոր Cucina Silver կառավարման կոճակների հավաքածու
Nichelato,Никелированный,Նիկելապատ
Nickel,Никель,Նիկել
No Frost,No Frost,No Frost
No Taphole,Без отверстия под кран,Առանց ծորակի անցքի
No spin/ 400/ 600/ 800/ 1000/ 1200/ 1400,Без отжима/ 400/ 600/ 800/ 1000/ 1200/ 1400,Առանց պտտման/ 400/ 600/ 800/ 1000/ 1200/ 1400
No spin/ 500/ 600/ 800/ 1000/ 1200,Без отжима/ 500/ 600/ 800/ 1000/ 1200,Առանց պտտման/ 500/ 600/ 800/ 1000/ 1200
No spin/ 600/ 800/ 1000/ 1200/ 1400,Без отжима/ 600/ 800/ 1000/ 1200/ 1400,Առանց պտտման/ 600/ 800/ 1000/ 1200/ 1400
No spin/ 600/ 800/ 1200/ 1400,Без отжима/ 600/ 800/ 1200/ 1400,Առանց պտտման/ 600/ 800/ 1200/ 1400
No spin/ 600/ 800/ 1200/ 1400/ Rinse hold,Без отжима/ 600/ 800/ 1200/ 1400/ Задержка полоскания,Առանց պտտման/ 600/ 800/ 1200/ 1400/ Ողողման պահում
"No, hand wash only","Нет, только ручная стирка","Ոչ, միայն ձեռքով լվացում"
Non insulated bottle,Неутепленная бутылка,Չմեկուսացված շիշ
Non-electric soda maker,Ручной газировщик,Ոչ էլեկտրական գազավորված ջրի արտադրիչ
Normal,Обычный,Նորմալ
Not included,Не входит в комплект,Ներառված չէ
Not present,Отсутствует,Բացակայում է
Not supplied,Не поставляется,Չի մատակարարվում
NovaCare,NovaCare,NovaCare
Nuova Selezione,Новая коллекция,Նոր հավաքածու
OLED,OLED-дисплей,Օրգանական լուսադիոդային էկրան
Oats,Овсяный,Վարսակի
Old Brass,Старая латунь,Հին արույր
Olive green,Оливково-зеленый,Ձիթապտղի կանաչ
Omni,Омни,Օմնի
Omnichef,Omnichef,Omnichef
On display,На дисплее,Էկրանին
"On display, with acoustic signal","На дисплее, со звуковым сигналом","Էկրանին, ձայնային ազդանշանով"
On sliding rails,На скользящих направляющих,Սահող ռելսերի վրա
On three levels (5 cm),На трех уровнях (5 см),Երեք մակարդակով (5 սմ)
On two levels (4 cm),На двух уровнях (4 см),Երկու մակարդակով (4 սմ)
"On two levels, by extraction","На двух уровнях, с вытяжкой","Երկու մակարդակով, արտանետմամբ"
On-off,Вкл-выкл,Միացում-անջատում
One Door,Однодверный,Մեկ դուռ
Optional,Опционально,Ընտրովի
Opzionale,Опционально,Ընտրովի
Orange,Оранжевый,Նարնջագույն
Orbital,Орбитальная,Ուղեծրային
Orologio,Часы,Ժամացույց
Other Ø,Другой диаметр,Այլ տրամագիծ
Oven,Духовой шкаф,Ջեռոց
Ovens,Духовые шкафы,Ջեռոցներ
"Ovens, Blast chillers, Fridges and freezers","Духовки, шоковые охладители, холодильники и морозильники","Ջեռոցներ, շոկային սառեցիչներ, սառնարաններ և սառցախցիկներ"
"Ovens, Cookers","Духовки, плиты","Ջեռոցներ, սալօջախներ"
PP+Al foil,Полипропилен + алюминиевая фольга,PP+Al փայլաթիթեղ
PVD Brushed,Щеточный PVD,Խոզանակված PVD
Painted material,Окрашенный материал,Ներկված նյութ
Painted material + Glass,Окрашенный материал + стекло,Ներկված նյութ + ապակի
Painted metal sheet,Окрашенный металлический лист,Ներկված մետաղական թերթ
Pan stands,Подставки для сковородок,Թավայի տակդիրներ
Pan stands and burner caps set,Набор подставок и крышек горелок,Թավայի տակդիրների և այրիչի կափարիչների հավաքածու
Pan stands set,Набор подставок для сковородок,Թավայի տակդիրների հավաքածու
Panel,Панель,Վահանակ
Panna,Кремовый,Կրեմ
Partially-integrated built-in,Частично встроенная,Մասամբ ինտեգրված ներկառուցվող
Passive,Пассивный,Պասիվ
Pasta roller,Машина для пасты,Մակարոնի գլան
Pasta roller and cutter set (3 accessories),Набор для пасты (3 аксессуара),Մակարոնի գլանի և կտրիչի հավաքածու (3 աքսեսուար)
Pastel blue,Пастельно-голубой,Բաց կապույտ
Pastel green,Пастельно-зеленый,Բաց կանաչ
Penta,Пента,Պենտա
Perfectly Pale,Идеально бледный,Կատարյալ գունատ
Pink,Розовый,Վարդագույն
Pizza shovel,Лопатка для пиццы,Պիցցայի թիակ
Pizza stone,Камень для пиццы,Պիցցայի քար
Planetarium,Планетарная,Մոլորակային
Plastic,Пластик,Պլաստիկ
"Plastic, Aluminium","Пластик, алюминий","Պլաստիկ, ալյումին"
Plastica,Пластик,Պլաստիկ
Plinth Kit,Комплект цоколя,Ցոկոլի հավաքածու
Polish,Полированный,Փայլեցված
Polish Crome,Полированный хром,Փայլուն քրոմ
Polish chrome,Полированный хром,Փայլեցված քրոմ
Polished,Полированный,Փայլեցված
Polished Chrome,Полированный хром,Փայլեցված քրոմ
Polished chrome,Полированный хром,Փայլեցված քրոմ
Polished chromed,Полированный хромированный,Փայլեցված քրոմապատ
Polished stainless steel,Полированная нержавеющая сталь,Փայլեցված չժանգոտվող պողպատ
Polished steel,Полированная сталь,Փայլեցված պողպատ
Polyphonic,Полифонический,Բազմահնչյուն
Porsche x SMEG,Porsche x SMEG,Porsche x SMEG
Portable cookers,Переносные плиты,Շարժական սալօջախներ
Portofino,Портофино,Պորտոֆինո
Pre-polished,Предварительно полированный,Նախապես փայլեցված
Prepared,Подготовлено,Պատրաստված
Prestige ceramic,Престижная керамика,Պրեստիժ կերամիկա
"Prewash, Additional rinse, Anti-wrinkle (easy ironing), Quick, Intensive","Предварительная стирка, дополнительное полоскание, антисминание (легкая глажка), быстрая, интенсивная","Նախնական լվացում, լրացուցիչ ողողում, կնճիռների դեմ (հեշտ արդուկում), արագ, ինտենսիվ"
Profile Kit,Профильный комплект,Պրոֆիլի հավաքածու
"Program duration, Delay start, Residual time indicator, Visualisation of the selected options","Длительность программы, отложенный старт, индикатор остаточного времени, визуализация выбранных опций","Ծրագրի տևողությունը, հետաձգված մեկնարկ, մնացորդային ժամանակի ցուցիչ, ընտրված տարբերակների տեսողականացում"
Push,Нажатие,Սեղմում
Push pull,Выдвижной ящик,Հրում-քաշում
Pyro steam,Пиролиз + пар,Պիրո գոլորշի
Pyrolitic,Пиролитическая,Պիրոլիտիկ
QS-Galileo,QS-Galileo,QS-Galileo
Quadra,Квадра,Քվադրա
Quartz,Кварц,Քվարց
Rack,Решётка,Դարակ
Raising Kit,Комплект подъема,Բարձրացման հավաքածու
Rear centre,Задняя центральная,Հետևի կենտրոն
Rear left,Сзади слева,Հետևի ձախ
Rear right,Сзади справа,Հետևի աջ
Rear-centre,Задний-центр,Հետևի կենտրոն
Rear-left,Сзади слева,Հետևի ձախ
Rear-right,Сзади справа,Հետևի աջ
Rechargeable battery,Перезаряжаемая батарея,Վերալիցքավորվող մարտկոց
Recirculating kit,Комплект для рециркуляции,Վերաշրջանառության հավաքածու
Recirculation,Рециркуляция,Վերաշրջանառություն
Rectified wide,Прямая широкая кромка,Ուղղված լայն եզր
Red,Красный,Կարմիր
Reduced height 90 cm,Уменьшенная высота 90 см,Նվազեցված բարձրություն 90 սմ
Reduction Grid,Решетка-переходник,Նվազեցման ցանց
Refractory stone,Шамотный камень,Հրակայուն քար
Refractory stone (round without handles) + cover,Шамотный камень (круглый без ручек) + крышка,Հրակայուն քար (կլոր առանց բռնակների) + կափարիչ
Refrigerator,Холодильник,Սառնարան
Remote control,Дистанционное управление,Հեռակառավարման վահանակ
Remote lever and telescopic mixer,Выносной рычаг и телескопический смеситель,Հեռավոր լծակ և հեռադիտակային խառնիչ
"Residual time indicator, delay start, Recommended load indicator","Индикатор остаточного времени, отложенный старт, индикатор рекомендуемой загрузки","Մնացորդային ժամանակի ցուցիչ, հետաձգված մեկնարկ, առաջարկվող բեռի ցուցիչ"
"Residual time indicator, delay start, Recommended load indicator, programme status indication, spin regulation","Индикатор остаточного времени, отложенный старт, индикатор рекомендуемой загрузки, индикация статуса программы, регулировка отжима","Մնացորդային ժամանակի ցուցիչ, հետաձգված մեկնարկ, առաջարկվող բեռի ցուցիչ, ծրագրի կարգավիճակի ցուցում, պտտման կարգավորում"
"Residual time indicator, delay start, Recommended load indicator, programme status indication, spin regulation, temperature regulation","Индикатор остаточного времени, отложенный старт, индикатор рекомендуемой загрузки, индикация статуса программы, регулировка отжима, регулировка температуры","Մնացորդային ժամանակի ցուցիչ, հետաձգված մեկնարկ, առաջարկվող բեռի ցուցիչ, ծրագրի կարգավիճակի ցուցում, պտտման կարգավորում, ջերմաստիճանի կարգավորում"
"Residual time indicator, delay start, programme status indication","Индикатор остаточного времени, отложенный старт, индикация статуса программы","Մնացորդային ժամանակի ցուցիչ, հետաձգված մեկնարկ, ծրագրի կարգավիճակի ցուցում"
"Residual time indicator, delay start, programme status indication, spin regulation, temperature regulation","Индикатор остаточного времени, отложенный старт, индикация статуса программы, регулировка отжима, регулировка температуры","Մնացորդային ժամանակի ցուցիչ, հետաձգված մեկնարկ, ծրագրի կարգավիճակի ցուցում, պտտման կարգավորում, ջերմաստիճանի կարգավորում"
Reversible,Реверсивный,Շրջելի
Rigae,Ригае,Ռիգաե
Right,Правая,Աջ
Riveting,Клепка,Գամում
Rondò waste kit,Сливной комплект Rondò,Rondò արտահոսքի հավաքածու
Rosso,Красный,Կարմիր
Round,Круглый,Կլոր
Rounded,Скругленный,Կլորացված
Rubber,Резина,Ռետին
Ruby Red,Рубиново-красный,Ռուբին կարմիր
Rust,Ржавый,Ժանգոտ
SAN,SAN,ՍԱՆ
SMEG,SMEG,SMEG
SMEG x 24Bottles,SMEG x 24 бутылки,SMEG x 24 շիշ
STX,STX,STX
Salt funel,Воронка для соли,Աղի ձագար
Sares,Sares,Սարես
Satin,Матовая,Ատլասե
Satin metal and black,Сатиновый металл и черный,Ատլասե մետաղ և սև
Satin with chromed edge,Атласная с хромированным краем,Ատլասե քրոմապատ եզրով
Scotch Brite,Scotch Brite,Scotch Brite
Scraper,Скребок,Քերիչ
"Screw-in, 400-425g/60L- 80L (14.5 oz CO2/60L)","Винтовой, 400-425г/60л-80л (14.5 унций CO2/60л)","Պտուտակային, 400-425գ/60լ-80լ (14.5 ունցիա CO2/60լ)"
Sea Salt Green,Зеленый морской соли,Ծովի աղի կանաչ
Sealing paste,Герметизирующая паста,Հերմետիկ մածուկ
Selection,Выбор,Ընտրություն
Selection squared,Квадратный выбор,Քառակուսի ընտրություն
Selezione,Коллекция,Հավաքածու
Self balancing with fixed hinges,Самобалансирующиеся с фиксированными петлями,Ինքնահավասարակշռվող՝ ֆիքսված ծխնիներով
Self balancing with variable hinges,Самобалансирующиеся с переменными петлями,Ինքնահավասարակշռվող՝ փոփոխական ծխնիներով
"Self balancing, Sliding, FLEXIFIT","Самобалансирующиеся, скользящие, FLEXIFIT","Ինքնահավասարակշռվող, սահող, FLEXIFIT"
Semi-professional single lever,Полупрофессиональный однорычажный,Կիսապրոֆեսիոնալ մեկ լծակով
Shade Green,Теневой зеленый,Ստվերային կանաչ
"Shirts, Cotton, Delicates, Eco 40-60, Jeans, Wool, Hand Wash, Mix, Night, Duvet, Quick Wash, Rinse + Spin, Drain + Spin, Synthetics, Sport","Рубашки, хлопок, деликатное, Eco 40-60, джинсы, шерсть, ручная стирка, смесь, ночная, пуховое одеяло, быстрая стирка, полоскание + отжим, слив + отжим, синтетика, спорт","Վերնաշապիկներ, բամբակ, նրբություններ, Eco 40-60, ջինսեր, բուրդ, ձեռքով լվացում, խառնուրդ, գիշեր, վերմակ, արագ լվացում, ողողում + պտտում, արտահոսք + պտտում, սինթետիկա, սպորտ"
Shrinkwrap,Термоусадочная пленка,Ջերմասեղմվող փաթեթավորում
Si Advance,Si Advance,Si Advance
Sicilian cart,Сицилийская повозка,Սիցիլիական սայլ
Sicily is my love,Сицилия - моя любовь,Սիցիլիան իմ սերն է
Side bowl,Боковая чаша,Կողային թաս
Side by side undermount bowls,Рядом друг с другом под столешницей,Կողք կողքի սեղանի տակ
Side opening,Боковое открытие,Կողային բացում
Side-opening,С боковым открытием,Կողային բացվող
Silicon,Силикон,Սիլիկոն
Silicone,Силикон,Սիլիկոն
Silicone spout,Силиконовый носик,Սիլիկոնե ժայթք
Silver,Серебристый,Արծաթագույն
Silver (oropal grey),Серебристый (серо-оропаловый),Արծաթագույն (օրոպալ մոխրագույն)
Silver (oropal),Серебристый (оропал),Արծաթագույն (օրոպալ)
Silver (titanium matches st/steel),Серебристый (титан под нержавеющую сталь),Արծաթագույն (տիտան համապատասխանում է չժանգոտվող պողպատին)
Single,Одинарный,Մեկ
Single Acquastop,Одиночный Aquastop,Մեկ Acquastop
"Single Espresso, Double Espresso, Steam","Одиночный эспрессо, двойной эспрессо, пар","Մեկ էսպրեսսո, կրկնակի էսպրեսսո, գոլորշի"
Single door,С одной дверцей,Միադուռ
Single jet,Одиночный,Մեկ շիթ
Single lever,Однорычажный,Մեկ լծակ
"Single long espresso, Double long Espresso,","Один лунго, двойной лунго","Մեկ երկար էսպրեսսո, կրկնակի երկար էսպրեսսո"
Single wall non insulated bottle,Бутылка с одной стенкой без изоляции,Մեկ պատով չմեկուսացված շիշ
"Single, Double","Одинарный, двойной","Մեկ, կրկնակի"
"Single, cold","Одинарный, холодный","Միակողմանի, սառը"
Single-phase,Однофазное,Միաֆազ
Single; cold/hot water max. 60°C - energysave with hot water up to 35%,Одинарный; холодная/горячая вода макс. 60°C – энергосбережение с горячей водой до 35%,Մեկ; սառը/տաք ջուր առավելագույնը 60°C – էներգախնայողություն տաք ջրով մինչև 35%
Sink,Мойка,Լվացարան
Sinks,Мойки,Լվացարաններ
Slate Grey,Шиферно-серый,Թերթաքարի մոխրագույն
Slicer & grater (4 accessories),Слайсер и терка (4 аксессуара),Կտրիչ և քերիչ (4 աքսեսուար)
Slider,Ползунок,Սահիչ
Sliding,Скользящие,Սահող
Sliding lever,Раздвижной рычаг,Սահող լծակ
Slim (46 cm),Тонкий (46 см),Նեղ (46 սմ)
Smeg & Dolce&Gabbana,Smeg & Dolce&Gabbana,Smeg & Dolce&Gabbana
Smeg & Fiat,Smeg & Fiat,Smeg & Fiat
Smeg & Peanuts,Smeg & Peanuts,Smeg & Peanuts
Smeg Classic,Smeg Classic,Smeg Classic
Smeg Contemporary,Smeg Contemporary,Smeg Contemporary
Smeg Master Pro Silver,Smeg Master Pro Silver,Smeg Master Pro Silver
Smeg ST 2010,Smeg ST 2010,Smeg ST 2010
Smeg Victoria,Smeg Victoria,Smeg Victoria
Smeg round handle,Круглая ручка Smeg,Smeg կլոր բռնակ
Smoked,Тонированный,Մուգ
Snoopy,Snoopy,Snoopy
Soap Dispenser,Дозатор мыла,Օճառի դիսպենսեր
Soda Maker,Газировщик,Գազավորված ջրի արտադրիչ
Soft Opening,Мягкое открытие,Փափուկ բացում
Soft plastic,Мягкий пластик,Փափուկ պլաստիկ
Soft touch plastic,Мягкий на ощупь пластик,Փափուկ հպման պլաստիկ
Sous-vide bags,Пакеты для су-вид,Սու-վիդի պայուսակներ
Speedwave,Speedwave,Speedwave
SpeedwaveXL,SpeedwaveXL,SpeedwaveXL
Splashback,Защитная панель,Սփլեշբեք
Spring spout,Пружинный носик,Զսպանակային ժայթք
Squared,Квадратный,Քառակուսի
Squared bowl,Квадратная чаша,Քառակուսի թաս
Stabiliser,Стабилизатор,Կայունացուցիչ
Stainless Steel,Нержавеющая сталь,Չժանգոտվող պողպատ
Stainless Steel + Glass,Нержавеющая сталь + стекло,Չժանգոտվող պողպատ + ապակի
Stainless Steel + Painted Material,Нержавеющая сталь + окрашенный материал,Չժանգոտվող պողպատ + ներկված նյութ
Stainless Steel and Glass,Нержавеющая сталь и стекло,Չժանգոտվող պողպատ և ապակի
Stainless Steel/Plastic,Нержавеющая сталь/Пластик,Չժանգոտվող պողպատ/Պլաստիկ
Stainless steel,Нержавеющая сталь,Չժանգոտվող պողպատ
Stainless steel / Plastic,Нержавеющая сталь / Пластик,Չժանգոտվող պողպատ / Պլաստիկ
Stainless steel 18/8,Нержавеющая сталь 18/8,Չժանգոտվող պողպատ 18/8
Stainless steel AISI 316,Нержавеющая сталь AISI 316,Չժանգոտվող պողպատ AISI 316
Stainless steel AISI304,Нержавеющая сталь AISI304,Չժանգոտվող պողպատ AISI304
Stainless steel and Glass,Нержавеющая сталь и стекло,Չժանգոտվող պողպատ և ապակի
Stainless steel and aluminium,Нержавеющая сталь и алюминий,Չժանգոտվող պողպատ և ալյումին
Stainless steel/Black,Нержавеющая сталь/черный,Չժանգոտվող պողպատ/սև
Stand Mixer,Планетарный миксер,Սեղանի հարիչ
Stand Mixer Full Color,Планетарный миксер Full Color,Ամբողջական գույնի սեղանի հարիչ
Stand Mixer Standard,Стандартный планетарный миксер,Ստանդարտ սեղանի հարիչ
Stand mixer,Планетарный миксер,Սեղանի հարիչ
Standard,Стандартные,Ստանդարտ
Standard (54 cm),Стандартная (54 см),Ստանդարտ (54 սմ)
Standard (clear),Стандартное (прозрачное),Ստանդարտ (թափանցիկ)
Standard + undermount clip,Стандартный + зажим для нижнего монтажа,Ստանդարտ + ստորին տեղադրման սեղմիչ
Standard capacity,Стандартная вместимость,Ստանդարտ հզորություն
Standard opening,Стандартное открытие,Ստանդարտ բացում
"Standard, Undermount","Стандартный, под столешницу","Ստանդարտ, սեղանի տակ"
Start and Stop,Старт и стоп,Սկիզբ և ավարտ
Start and stop,Старт и стоп,Սկիզբ և ավարտ
Static,Статический,Ստատիկ
Steam Lever,Рычаг пара,Գոլորշու լծակ
Steam100,Steam100,Steam100
Steam100 Pro,Steam100 Pro,Steam100 Pro
SteamOne,SteamOne,SteamOne
Steel,Сталь,Պողպատ
Steel Effect,Эффект стали,Պողպատի էֆեկտ
Steel effect,Эффект стали,Պողպատի էֆեկտ
Steel grill and steel bottom box Plastic handles with anti-heat treatment. Suitable for TSF01 and TSF03,Стальная решетка и стальной нижний ящик. Пластиковые ручки с термообработкой. Подходит для TSF01 и TSF03,Պողպատե գրիլ և պողպատե ներքևի տուփ: Ջերմակայուն մշակմամբ պլաստիկ բռնակներ: Հարմար է TSF01 և TSF03-ի համար
Stop,Стоп,Կանգ
Stopsol,Stopsol,Stopsol
Storm Blue,Синий шторм,Մրրկային կապույտ
Storm blue,Синий шторм,Մրրկային կապույտ
Stovetop kettle,Чайник для плиты,Վառարանի թեյնիկ
Straight edge,Прямой край,Ուղիղ եզր
Straight spout,Прямой носик,Ուղիղ ժայթք
"Strainer, Fixing clips","Дуршлаг, крепежные зажимы","Քամիչ, ամրացնող սեղմիչներ"
"Strainer, Fixing clips, Gasket","Дуршлаг, крепежные зажимы, прокладка","Քամիչ, ամրացնող սեղմիչներ, միջադիր"
"Strainer, Savespace siphon with dishwasher outlet connection, Fixing clips","Дуршлаг, сифон Savespace с подключением для посудомоечной машины, крепежные зажимы","Քամիչ, Savespace սիֆոն աման լվացող մեքենայի միացումով, ամրացնող սեղմիչներ"
"Strainer, Savespace siphon with dishwasher outlet connection, Fixing clips, Automatic pop-up with push control","Дуршлаг, сифон Savespace с подключением для посудомоечной машины, крепежные зажимы, автоматический всплывающий механизм с кнопкой","Քամիչ, Savespace սիֆոն աման լվացող մեքենայի միացումով, ամրացնող սեղմիչներ, ավտոմատ բացվող մեխանիզմ հրումային կառավարմամբ"
"Strainer, Savespace siphon with dishwasher outlet connection, Fixing clips, Gasket","Дуршлаг, сифон Savespace с подключением для посудомоечной машины, крепежные зажимы, прокладка","Քամիչ, Savespace սիֆոն աման լվացող մեքենայի միացումով, ամրացնող սեղմիչներ, միջադիր"
"Strainer, Savespace siphon with dishwasher outlet connection, Fixing clips, Gasket, Automatic pop - up with roudn rotary control","Дуршлаг, сифон Savespace с подключением для посудомоечной машины, крепежные зажимы, прокладка, автоматический всплывающий механизм с круглым поворотным управлением","Քամիչ, Savespace սիֆոն աման լվացող մեքենայի միացումով, ամրացնող սեղմիչներ, միջադիր, ավտոմատ բացվող մեխանիզմ կլոր պտտվող կառավարմամբ"
"Strainer, Savespace siphon with dishwasher outlet connection, Fixing clips, Gasket, Blanking cap","Дуршлаг, сифон Savespace с подключением для посудомоечной машины, крепежные зажимы, прокладка, заглушка","Քամիչ, Savespace սիֆոն աման լվացող մեքենայի միացումով, ամրացնող սեղմիչներ, միջադիր, խցան"
"Strainer, Savespace siphon with dishwasher outlet connection, Fixing clips, Silicone","Дуршлаг, сифон Savespace с подключением для посудомоечной машины, крепежные зажимы, силикон","Քամիչ, Savespace սիֆոն աման լվացող մեքենայի միացումով, ամրացնող սեղմիչներ, սիլիկոն"
"Strainer, Siphon with dishwasher outlet connection, Fixing clips, Gasket","Дуршлаг, сифон с подключением для посудомоечной машины, крепежные зажимы, прокладка","Քամիչ, սիֆոն աման լվացող մեքենայի միացումով, ամրացնող սեղմիչներ, միջադիր"
"Strainer, Siphon with dishwasher outlet connection, Fixing clips, Gasket, Blanking cap","Дуршлаг, сифон с подключением для посудомоечной машины, крепежные зажимы, прокладка, заглушка","Քամիչ, սիֆոն աման լվացող մեքենայի միացումով, ամրացնող սեղմիչներ, միջադիր, խցան"
Suction cup,Присоска,Ներծծող բաժակ
Support,Подставка,Հենարան
Suspended,Подвесная,Կախովի
"Switch-on, switch-off, start of cycle, end of cycle","Включение, выключение, начало цикла, конец цикла","Միացում, անջատում, ցիկլի սկիզբ, ցիկլի ավարտ"
"Sì, a pressione prolungata su display","Да, при длительном нажатии на дисплее","Այո, էկրանին երկար սեղմումով"
T flat,T-образная плоская,T-հարթ
TFT,TFT-дисплей,Թվային դաշտային տրանզիստորային էկրան
"TFT graphic , colour touch screen","Графический TFT, цветной сенсорный экран","Գրաֆիկական TFT, գունավոր սենսորային էկրան"
Table Blender PERSONAL BLENDER,Настольный блендер ПЕРСОНАЛЬНЫЙ БЛЕНДЕР,Սեղանի բլենդեր ԱՆՀԱՏԱԿԱՆ ԲԼԵՆԴԵՐ
Tamping Mat,Коврик для трамбовки,Խտացման գորգ
Tangential,Тангенциальная,Տանգենցիալ
Taps,Смесители,Ծորակներ
Taupe,Тауповый,Մոխրագույն-շագանակագույն
Telescopic,Телескопическая,Հեռադիտակային
Telescopic Guides,Телескопические направляющие,Հեռադիտակային ուղեցույցներ
"Temperature alarm, Temperature value","Сигнал температуры, значение температуры","Ջերմաստիճանի ազդանշան, ջերմաստիճանի արժեք"
Teppanyaki,Теппаньяки,Տեպանյակի
Thermo-ventilated,Термовентилируемая,Ջերմային օդափոխվող
Thermoblock,Термоблок,Ջերմային բլոկ
Three-phase,Трехфазное,Եռաֆազ
"Time Drying, Delay start, Residual time indicator, Visualisation of the selected options","Время сушки, отложенный старт, индикатор остаточного времени, визуализация выбранных опций","Չորացման ժամանակ, հետաձգված մեկնարկ, մնացորդային ժամանակի ցուցիչ, ընտրված տարբերակների տեսողականացում"
Titanium,Титан,Տիտան
Toaster,Тостер,Տոստեր
Toaster 2x2,Тостер 2x2,Տոստեր 2x2
Toaster 2x4,Тостер 2x4,Տոստեր 2x4
Toaster 4x4,Тостер 4x4,Տոստեր 4x4
Top Mount,С верхней морозильной камерой,Վերին տեղադրման
Total,Полная,Ընդհանուր
Total Acquastop,Полный Acquastop,Ամբողջական Acquastop
Total No Frost,Полный No Frost,Ամբողջական No Frost
Total No Frost - Double Cooling system,Total No Frost - Двойная система охлаждения,Total No Frost - Կրկնակի սառեցման համակարգ
Total No Frost - Triple Cooling system,Total No Frost - Тройная система охлаждения,Total No Frost - Եռակի սառեցման համակարգ
Touch,Сенсорное,Սենսորային
Touch Capacitive,Емкостное сенсорное,Սենսորային կապակցված
Touch bottons,Сенсорные кнопки,Սենսորային կոճակներ
Touch control,Сенсорное управление,Սենսորային կառավարում
Touch control back-lighted White,Сенсорное управление с белой подсветкой,Սպիտակ հետին լուսավորությամբ սենսորային կառավարում
Touch on metal,Сенсорное на металле,Մետաղի վրա սենսորային
Traditional,Традиционный,Ավանդական
Traditional pyro,Традиционный пиролиз,Ավանդական պիրո
Transparent,Прозрачный,Թափանցիկ
Tray,Лоток,Սկուտեղ
Trigger,Курок,Ձգան
Tritan Renew,Tritan Renew,Tritan Renew
Tritan™ Renew,Tritan™ Renew,Tritan™ Renew
Tritan™ Renew BPA-free,Tritan™ Renew без BPA,Tritan™ Renew առանց BPA
Tritan™ Renew plastic,Пластик Tritan™ Renew,Tritan™ Renew պլաստիկ
Tube kit,Комплект трубок,Խողովակների հավաքածու
Tumble dryer,Сушильная машина,Չորանոց
Turquese,Бирюзовый,Փիրուզագույն
Twist and lock,Поворотный замок,Պտտել և կողպել
U spout,U-образный носик,U-ձև ժայթք
UK 13 AMP,Великобритания 13 А,Մեծ Բրիտանիա 13 Ա
Ultra-low profile,Ультранизкий профиль,Ուլտրա-ցածր պրոֆիլ
Ultra-low profile or Fully Flushed,Ультранизкий профиль или полностью вровень,Ուլտրա-ցածր պրոֆիլ կամ ամբողջովին հարթ
Under counter,Под столешницу,Սեղանի տակ
Under counter built-in,Встраиваемая под столешницу,Սեղանի տակ ներկառուցվող
Under cupboard,Под шкаф,Պահարանի տակ
Undermount,Под столешницу,Սեղանի տակ
Undermount clip,Зажим для нижнего монтажа,Սեղանի տակ ամրացման սեղմիչ
Union Jack,Юнион Джек,Միացյալ Թագավորության դրոշ
Universal,Универсальный,Ունիվերսալ
Universale,Универсальный,Ունիվերսալ
Until 100 cm,До 100 см,Մինչև 100 սմ
Until 60,До 60,Մինչև 60
Until 60 cm,До 60 см,Մինչև 60 սմ
Up to 24 hours,До 24 часов,Մինչև 24 ժամ
Up to 9 hours,До 9 часов,Մինչև 9 ժամ
Vacuum pump,Вакуумный насос,Վակուումային պոմպ
Valve,Клапан,Փական
Vapor Clean,Паровая очистка,Գոլորշու մաքրում
"Vapor Clean, Catalytic","Паровая очистка, каталитическая","Գոլորշու մաքրում, կատալիտիկ"
Variable,Переменный,Փոփոխական
Verde pastello,Пастельно-зеленый,Բաց կանաչ
Verniciato,Окрашенный,Ներկված
"Vertical flame, flat design","Вертикальное пламя, плоский дизайн","Ուղղահայաց բոց, հարթ դիզայն"
Victoria,Виктория,Վիկտորիա
Visible front panel,Видимая передняя панель,Տեսանելի առջևի վահանակ
Vivo Screen,Экран Vivo,Vivo էկրան
Vivo Screen Max,Экран Vivo Max,Vivo Max էկրան
VivoScreen,VivoScreen,VivoScreen
VivoScreen max,VivoScreen max,VivoScreen max
Wall position,Настенное положение,Պատի դիրք
Washer dryer,Стирально-сушильная машина,Լվացքի-չորացման մեքենա
Washing Machine,Стиральная машина,Լվացքի մեքենա
Waste disposal,Измельчитель отходов,Աղբի մանրացում
Water Care,Забота о воде,Ջրի խնամք
Welded bowl,Сварная чаша,Եռակցված թաս
Welded sink,Сварная мойка,Եռակցված լվացարան
White,Белый,Սպիտակ
White / Silver,Белый / Серебряный,Սպիտակ / Արծաթագույն
White and blue,Белый и синий,Սպիտակ և կապույտ
White with Silver ring,Белый с серебряным кольцом,Սպիտակ արծաթե օղակով
White with silver handle,Белый с серебряной ручкой,Սպիտակ արծաթե բռնակով
Wine Cooler,Винный шкаф,Գինու պահարան
Wine coolers,Винные шкафы,Գինու պահարաններ
Wire,Проволока,Մետաղալար
With 1 foldable rack,С 1 складной полкой,1 ծալվող դարակով
With 2 foldable racks,С 2 складными полками,2 ծալվող դարակներով
With 2 horizontal strips,С 2 горизонтальными полосами,2 հորիզոնական շերտերով
With 3 foldable racks,С 3 складными полками,3 ծալվող դարակներով
With 4 foldable racks,С 4 складными полками,4 ծալվող դարակներով
With White led,С белым светодиодом,Սպիտակ LED-ով
With central fixed racks,С центральными фиксированными полками,Կենտրոնական ֆիքսված դարակներով
With electronic setting,С электронной настройкой,Էլեկտրոնային կարգավորումով
With fixed racks,С фиксированными полками,Ֆիքսված դարակներով
With frame,С рамкой,Շրջանակով
With handle,С ручкой,Բռնակով
With panel,С панелью,Վահանակով
With push pull system,С системой push-pull,Հրում-քաշում համակարգով
"With stacking kit, available as optional accessory","С комплектом для штабелирования, доступен как дополнительный аксессуар","Շտապելու հավաքածուով, հասանելի է որպես ընտրովի աքսեսուար"
Without frame,Без рамки,Առանց շրջանակի
Wok,Вок,Վոկ
Wood,Дерево,Փայտ
"WxDxH 315x412,5x54 mm","ШxГxВ 315x412,5x54 мм","ԼxԽxԲ 315x412,5x54 մմ"
"WxDxH 504,6x381x305 mm","ШxГxВ 504,6x381x305 мм","ԼxԽxԲ 504,6x381x305 մմ"
"WxDxH 504,6x425x305 mm","ШxГxВ 504,6x425x305 мм","ԼxԽxԲ 504,6x425x305 մմ"
"YES, regenerable","ДА, регенерируемый","ԱՅՈ, վերականգնվող"
Yellow,Желтый,Դեղին
Yes,Да,Այո
Yes regenerable,Да, регенерируемый,Այո, վերականգնվող
Yes with double flow for filtered water,Да, с двойным потоком для фильтрованной воды,Այո, ֆիլտրացված ջրի համար կրկնակի հոսքով
"Yes, 1 piece","Да, 1 предмет","Այո, 1 հատ"
"Yes, BPA-free, BPS-free, PES-free, PFAS-free and phthalate-free","Да, без BPA, BPS, PES, PFAS и фталатов","Այո, առանց BPA, BPS, PES, PFAS և ֆտալատների"
"Yes, Double and Three Phase","Да, двух- и трёхфазное","Այո, երկփուլ և եռաֆազ"
"Yes, Double phase","Да, двухфазное","Այո, երկփուլ"
"Yes, MAX/MIN","Да, MAX/MIN","Այո, MAX/MIN"
"Yes, Single and Double phase","Да, одно- и двухфазное","Այո, միաֆազ և երկֆազ"
"Yes, Single phase","Да, однофазное","Այո, միաֆազ"
"Yes, Three and Single/Two-phase","Да, трех- и одно/двухфазное","Այո, եռաֆազ և միաֆազ/երկֆազ"
"Yes, Three-phase","Да, трехфазное","Այո, եռաֆազ"
"Yes, at 100 °C","Да, при 100 °C","Այո, 100 °C ջերմաստիճանում"
"Yes, double","Да, двойной","Այո, կրկնակի"
"Yes, flush fitted","Да, вровень","Այո, սեղանի հետ հավասար"
"Yes, in Tritan™ Renew with gasket","Да, из Tritan™ Renew с прокладкой","Այո, Tritan™ Renew նյութից՝ միջադիրով"
"Yes, magnetic","Да, магнитный","Այո, մագնիսական"
"Yes, min. 10 cm","Да, мин. 10 см","Այո, նվազագույնը 10 սմ"
"Yes, min. 7 cm","Да, мин. 7 см","Այո, նվազագույնը 7 սմ"
"Yes, min. 9 cm","Да, мин. 9 см","Այո, նվազագույնը 9 սմ"
"Yes, multipoint","Да, многоточечный","Այո, բազմակետային"
"Yes, selection with button","Да, выбор с кнопкой","Այո, ընտրություն կոճակով"
"Yes, silicone","Да, силиконовый","Այո, սիլիկոնե"
"Yes, single","Да, одинарный","Այո, մեկ"
"Yes, single point","Да, одноточечный","Այո, մեկ կետով"
"Yes, the last 10 functions utilized","Да, 10 последних использованных функций","Այո, օգտագործված վերջին 10 գործառույթները"
"Yes, traditional","Да, традиционный","Այո, ավանդական"
"Yes, up to 2 functions","Да, до 2 функций","Այո, մինչև 2 գործառույթ"
"Yes, up to 2 steps","Да, до 2 шагов","Այո, մինչև 2 քայլ"
"Yes, up to 3 steps","Да, до 3 шагов","Այո, մինչև 3 քայլ"
"Yes, when at selected temperature","Да, при достижении выбранной температуры","Այո, ընտրված ջերմաստիճանի հասնելու դեպքում"
"Yes, with siphon","Да, с сифоном","Այո, սիֆոնով"
Zinc Alloy,Цинковый сплав,Ցինկի համաձուլվածք
Zync alloy,Цинковый сплав,Ցինկի համաձուլվածք
ceramic Eclipse,Керамика Eclipse,Կերամիկա Eclipse
diametro 375 mm,Диаметр 375 мм,Տրամագիծ 375 մմ
light/medium/hard,Слабая/средняя/жесткая,Թույլ/միջին/կոշտ
low/medium/high,Низкая/средняя/высокая,Ցածր/միջին/բարձր
multilevel LED,Многоуровневый светодиод,Բազմաստիճան LED
none,Нет,Ոչ մի
si-AUTO,Да-АВТО,Այո-ԱՎՏՈ
soft / medium / hard,Мягкая / средняя / жесткая,Փափուկ / միջին / կոշտ
water loading kit,Комплект заливки воды,Ջրի լիցքավորման հավաքածու